Name,Phone,Address,Email
Cadman D. Blanchard,1-640-999-5785,618-849 Risus. Ave,sit.amet@ligula.co.uk
Ebony B. Bray,105-2936,486-7336 Magna Ave,quis.tristique@nonjusto.ca
Sonya C. Griffin,639-2613,P.O. Box 765 7074 Mi. Rd.,vitae.orci@ipsum.com
Linus W. Walker,1-649-764-8336,P.O. Box 387 8498 Dis St.,eros@ullamcorpervelitin.ca
Moses W. Macdonald,1-320-823-4339,Ap #726-4825 Primis St.,eget.varius.ultrices@volutpat.ca
Nicole Z. Mccarty,1-376-778-9907,377-9143 Ornare St.,vel.convallis.in@eu.edu
Oren Q. Lang,928-7654,6238 Ac Rd.,sociis@fringilla.ca
Salvador S. Terrell,1-182-691-6371,9872 Sed Rd.,interdum.Curabitur@Integer.com
Phillip Y. Herrera,208-6068,726-7836 Nunc Rd.,sed.sapien@eratvolutpatNulla.edu
Zachery O. Higgins,786-2419,8435 At Av.,enim.consequat@aliquetdiamSed.org
Violet H. Delgado,345-3308,P.O. Box 847 8209 Natoque St.,dictum@aliquamiaculislacus.co.uk
Hilda D. Mcintyre,1-120-739-3991,6346 Ullamcorper Av.,quis.lectus.Nullam@ultricesmauris.ca
Jordan U. Hurst,907-4969,P.O. Box 666 7027 Laoreet Av.,consectetuer.ipsum@euismod.com
Graiden O. Mooney,158-5379,9000 Nulla Rd.,fermentum.convallis@dui.co.uk
Ryder L. Walls,1-167-539-9721,Ap #980-9566 Sed Rd.,ac.ipsum@semperetlacinia.com
Baker O. Carter,1-650-168-7787,1978 Tellus Av.,cursus@ultriciesdignissim.co.uk
Kay L. Cotton,1-759-859-1296,P.O. Box 458 6290 Purus Street,auctor@Donectempus.edu
Elizabeth L. Schroeder,1-100-646-2114,611-5318 Erat Road,Donec@Aeneanegestashendrerit.com
Linus K. Perkins,1-118-749-7225,P.O. Box 219 840 Nec Rd.,aliquet@natoquepenatibuset.ca
Idola B. Silva,1-106-240-9945,Ap #976-3246 Egestas. Street,Pellentesque.habitant.morbi@tristiquepharetraQuisque.co.uk
Charlotte V. Parks,786-2603,Ap #123-3636 Dui. Avenue,egestas.Fusce.aliquet@orciDonecnibh.org
Judith N. Vargas,1-156-839-7105,Ap #504-5689 Eleifend Street,pede@loremipsumsodales.net
Russell Z. Marshall,1-770-952-0661,398-5344 Lacinia Rd.,Donec.egestas.Duis@risusa.edu
Lana K. Mcgee,173-9232,695-7988 Interdum St.,ipsum@nec.net
Graham J. Crane,680-1904,9656 Mauris St.,Vivamus@aliquetdiam.ca
Delilah Z. Chang,764-1212,498-3609 Pellentesque Rd.,urna.convallis.erat@Phaselluselitpede.ca
Maggie Y. Banks,1-292-903-7792,602-7573 Cras Road,diam.Pellentesque@Praesentinterdum.edu
Cain B. Roman,1-316-188-7635,P.O. Box 846 4160 Lorem Road,turpis@Sedetlibero.co.uk
Heather W. Finch,1-482-861-8829,6385 Interdum Rd.,enim.consequat.purus@loremluctusut.net
Clark P. Cummings,878-6907,700-4030 Curae Street,Integer@dolorQuisque.ca
Jameson B. Ratliff,881-2245,370-2838 Semper Av.,egestas.ligula.Nullam@perconubianostra.net
Dorothy O. Salazar,678-5789,446-1095 Phasellus Av.,gravida.Praesent@Maecenasmifelis.co.uk
Garrison W. Kelley,854-4528,P.O. Box 431 8606 Eget Rd.,arcu.imperdiet.ullamcorper@faucibus.co.uk
Calvin F. Lewis,313-9683,538-3422 Dictum Street,ac@semPellentesqueut.com
Lara U. Rodriguez,885-8909,Ap #812-4725 Pede. St.,Mauris.vestibulum.neque@adipiscingenim.com
Rhona A. Villarreal,1-444-384-4245,P.O. Box 936 1446 Aliquam St.,fringilla@etliberoProin.com
Timon W. Randall,1-128-359-4398,450-7729 Suspendisse Rd.,magna.Nam.ligula@dolorelitpellentesque.ca
Hillary C. Carroll,573-2448,3232 Massa Ave,amet.consectetuer.adipiscing@ultrices.co.uk
Roanna O. Leblanc,1-168-327-0754,Ap #573-1236 A Ave,semper.erat@euelitNulla.com
Chanda B. Reeves,935-2369,716-6859 Quam. Avenue,lobortis.augue.scelerisque@metusurnaconvallis.com
Beau R. Carson,439-1895,675-1615 Lorem Av.,erat.Etiam@mauris.org
Ursula K. Baird,1-125-846-6935,8813 Nascetur St.,purus.ac@luctus.com
Cadman Y. Durham,732-8765,378-9109 Sagittis Rd.,leo@In.com
Isaac I. Erickson,231-2007,219-9302 Nullam Ave,consequat.lectus.sit@luctusCurabituregestas.net
Keith E. Kennedy,1-146-710-5843,Ap #416-2411 Malesuada Avenue,nec.tellus.Nunc@semperegestas.ca
Kylie X. Gay,1-242-907-9322,P.O. Box 961 9871 Eleifend Avenue,diam@sedest.net
Sylvester B. Martinez,1-328-392-7055,Ap #169-4805 Iaculis St.,ipsum.dolor.sit@Phasellusfermentumconvallis.co.uk
Meghan P. Sanders,1-572-726-9482,P.O. Box 640 7727 Molestie Rd.,vel.lectus@mollisnon.ca
George N. Alvarez,328-0586,P.O. Box 194 3429 Urna St.,Nunc@velitAliquamnisl.com
Isaiah P. Wilson,357-2533,Ap #835-9510 Tellus Av.,Nam.interdum.enim@Mauris.com
Ila I. Sears,440-2544,4242 Mi Rd.,eu@adipiscing.org
Kelsey Q. Stokes,1-857-482-1811,Ap #398-710 Ultrices. Rd.,Donec@tristiquesenectuset.co.uk
Porter A. Hunter,1-957-998-3823,7386 Commodo Rd.,Cras@Nulladignissim.co.uk
Fay F. Solomon,632-7893,Ap #635-9173 Vitae Rd.,nunc@pretiumneque.co.uk
Zelenia D. Puckett,156-4238,Ap #688-626 Justo. Av.,dapibus.gravida.Aliquam@dolor.ca
Kylynn T. Dudley,1-220-417-9394,319-7543 Sit Av.,at.augue@habitantmorbitristique.net
Lana D. King,688-8410,Ap #696-1456 Non Road,tempus.eu@ante.net
Miriam E. Mayo,1-786-924-3965,8052 Ullamcorper. Street,Cras@perconubianostra.ca
Jillian V. Woodward,699-7344,422-4455 Cursus Avenue,ligula@a.org
Austin M. Velez,735-9976,942-1397 In Rd.,tincidunt.tempus@eleifendnuncrisus.com
Dalton Z. Munoz,207-6305,794-617 Nec St.,molestie@Cumsociisnatoque.ca
Iliana Y. Anderson,223-8404,P.O. Box 872 6523 Neque Rd.,Curabitur.massa.Vestibulum@orciconsectetuereuismod.ca
Galena U. Chen,1-685-879-7690,P.O. Box 374 7782 Erat St.,dui@purusDuiselementum.com
Wilma Z. Finley,501-5820,2031 Consequat Rd.,sagittis@loremvitaeodio.com
Vernon U. Weeks,1-723-311-5312,9482 Feugiat Street,est.tempor@sempercursusInteger.net
Deborah I. Parrish,1-521-579-7004,3325 Lobortis Rd.,varius.orci@AliquamnislNulla.net
Nehru E. Conway,693-2006,P.O. Box 415 4176 Malesuada St.,feugiat.placerat.velit@viverraMaecenas.ca
Lavinia W. Gutierrez,1-452-632-3678,4878 Aliquet St.,lacinia@velitinaliquet.ca
Gil V. Fuller,322-1682,P.O. Box 838 3217 Nunc St.,mattis@nequetellus.com
Giselle T. Charles,1-301-847-3070,389 Ac Avenue,mauris@arcuSed.org
Seth K. Burke,193-8696,366-7306 Gravida Avenue,dapibus@litoratorquentper.co.uk
Fitzgerald D. Joyner,1-181-181-1585,Ap #224-2057 Rutrum Ave,vitae@Praesenteunulla.org
Wanda W. Galloway,203-2608,P.O. Box 952 6784 Eget Road,nec@eterosProin.ca
Maite T. Cantrell,922-7147,245-2967 Tellus Av.,lectus.convallis@imperdietnec.edu
Rogan A. Koch,1-301-864-8024,7189 Dapibus Av.,facilisis@egestasa.ca
Rebekah O. Vang,431-7133,P.O. Box 414 5888 Fusce Rd.,placerat.Cras.dictum@Integer.ca
Kalia B. Schultz,202-5554,313-4953 Ultricies Road,dui.in@ornareInfaucibus.co.uk
Elliott T. Keith,159-6939,P.O. Box 931 9040 Nunc St.,justo@luctuset.ca
Hyacinth Y. Mcknight,1-143-434-4385,110-3180 Vitae Rd.,Proin.vel@luctus.org
Mira V. Mcpherson,1-222-807-2008,Ap #294-6409 Elit Avenue,non.lorem.vitae@CraspellentesqueSed.ca
Kamal H. Warren,1-718-415-2203,450-3593 Metus. Ave,tristique.senectus@primis.ca
Hector I. Blackwell,1-856-314-6371,P.O. Box 756 347 Sit Street,vestibulum@quis.co.uk
Thaddeus D. Hunter,763-9636,Ap #152-3299 Nonummy. Avenue,at.risus@eu.net
Clinton B. Rodriguez,942-3077,9096 Penatibus Av.,Donec@iaculisodio.com
Caldwell K. Branch,973-7075,3546 Lorem Ave,montes@tristique.net
Felix A. Michael,1-714-508-7967,5345 Gravida St.,vel@Quisquefringillaeuismod.net
Audra R. Sanders,1-791-693-5055,P.O. Box 837 7724 Enim St.,nec@nequeSedeget.ca
Tara Z. Landry,1-606-951-6411,255-4718 Quis Rd.,risus@temporarcu.edu
Amy E. Gordon,120-8536,P.O. Box 994 1809 Vivamus Rd.,congue.turpis.In@dictumcursus.com
Robert O. Blankenship,1-676-477-9777,539-9192 Mauris Rd.,amet@Morbi.edu
Dominique F. Hewitt,1-423-402-8713,P.O. Box 652 7496 Purus Av.,Suspendisse.commodo@justofaucibus.com
Calvin K. Nash,201-6619,270-8407 Metus. St.,rhoncus.id@quislectus.ca
Nell L. Sanchez,931-5646,P.O. Box 307 4827 Nec Road,vitae@auctorMauris.net
Upton M. Williams,230-0888,980-8518 Ut St.,arcu.ac.orci@vulputatedui.org
Mona E. Evans,999-8962,P.O. Box 345 6889 Risus. Av.,vitae.risus.Duis@sociisnatoque.net
Kibo A. Giles,188-1326,7231 Sed Street,ultrices@mollisvitaeposuere.edu
Jaime K. Morin,1-976-570-6829,8815 Dolor St.,nisi@Vestibulumuteros.net
Eaton P. Clay,809-7025,559-9393 Consequat Road,vestibulum.Mauris.magna@ipsumsodalespurus.co.uk
Kiona P. Wilkinson,1-990-973-4125,4084 Convallis Rd.,ullamcorper.Duis@Etiam.co.uk
Brent A. Collier,926-1248,Ap #737-9290 Lacus. Road,Cras.eget@Sed.org
Gabriel G. Harrell,1-702-676-1447,5683 Neque St.,faucibus@nequeNullamnisl.co.uk
Karen C. Craft,188-8530,P.O. Box 350 9867 Aliquam St.,purus@placeratCrasdictum.edu
Clark O. Vargas,394-5221,P.O. Box 472 3858 Neque. St.,lacus.Quisque@tempusnonlacinia.edu
Wang E. Underwood,724-7546,Ap #569-5280 Curabitur Av.,non.justo@leoCrasvehicula.org
Wayne Z. White,1-841-242-9891,551 Velit. Street,dui.Cras.pellentesque@metuseuerat.com
Baxter K. Peters,971-6701,7937 Congue. Ave,arcu@viverraDonec.net
Sean G. Branch,872-1034,267-7306 Amet Street,urna.et@PraesentluctusCurabitur.ca
Chandler K. Johns,1-257-451-2817,P.O. Box 229 1130 Ut St.,Nunc.mauris.Morbi@augueporttitorinterdum.co.uk
Basia F. Sheppard,1-498-917-4595,248-8068 Metus. Av.,orci.lobortis@aenimSuspendisse.co.uk
Amos Y. Burris,946-4925,777-6904 Eu Ave,penatibus@pedePraesenteu.net
TaShya B. Wolf,573-1719,P.O. Box 310 2908 Et Rd.,Integer.vitae@pedeSuspendissedui.ca
Hanae G. Wright,632-9744,3216 Sit Road,augue.eu@velturpis.org
Dalton E. Lucas,1-901-251-1959,Ap #413-250 Purus. St.,Fusce.fermentum.fermentum@Donectempuslorem.org
Maya G. Morrow,1-822-936-9687,P.O. Box 829 4481 Sed Ave,lorem.eu@luctusetultrices.co.uk
Bernard R. Bradford,751-9934,Ap #742-6415 Lacus. St.,Etiam@libero.net
Dara O. Summers,670-2435,Ap #602-6281 Vel Ave,Mauris.ut@Pellentesque.org
Eric D. Solomon,1-631-897-6617,1181 Rutrum St.,molestie@tinciduntdui.edu
Cynthia Q. Bonner,125-0877,342-1342 Orci. Rd.,aliquam.arcu@et.ca
Gage G. Caldwell,366-5399,3502 Et Av.,enim.Etiam@diamDuismi.co.uk
Vernon L. Estes,539-6670,371-9057 Eu St.,lorem.vehicula.et@egetvolutpat.ca
Hanae R. Delaney,551-1441,676-7546 Molestie Road,adipiscing@feugiattellus.edu
Caleb U. Porter,133-3773,P.O. Box 102 9542 Proin Av.,Integer.in@semmollis.com
Brandon P. Ferrell,1-879-352-7016,Ap #712-5211 Luctus Rd.,id.nunc@sodalesnisimagna.edu
Ryan J. Stokes,1-862-946-8900,P.O. Box 672 3042 Dictum Rd.,vel@congueelit.co.uk
Eagan H. Castro,1-872-477-6677,6644 Feugiat Rd.,nunc.risus@tempusnon.net
Kenyon U. Lynch,602-6683,Ap #133-7214 Mauris Ave,risus.Nulla@Maecenas.net
Kasper V. Norris,1-937-440-5996,Ap #376-6983 Pede Av.,Cras@aliquetvel.org
Justin U. Dunlap,270-0366,699-8190 Eu Ave,eros@risus.org
Merritt H. Morgan,373-9191,121-4560 Quisque Road,malesuada@et.edu
Rafael B. Larsen,386-5939,915-4410 Nascetur Avenue,Praesent@etmagnaPraesent.com
Jameson Q. Hampton,648-8614,Ap #274-5633 Scelerisque Road,Nunc.laoreet.lectus@Vivamusnon.co.uk
Chester I. Guerrero,1-535-286-2863,P.O. Box 501 1687 A St.,diam.vel@Namligulaelit.edu
Porter Z. Zimmerman,1-375-707-1059,P.O. Box 546 4735 Urna St.,et.pede.Nunc@Proinegetodio.net
Kendall V. Saunders,1-351-963-3731,P.O. Box 735 1680 Mattis Rd.,ante@massa.ca
Benjamin O. Goff,1-707-944-3102,5554 Ipsum. St.,in.aliquet@sedsemegestas.net
Maxwell K. Guerrero,774-6385,P.O. Box 695 8548 Arcu. St.,et@Integeraliquamadipiscing.ca
Drew R. Humphrey,502-5421,4534 Odio Avenue,velit.Quisque.varius@nonummyac.org
Isaac W. Dean,963-7657,619-7119 Sed Rd.,vel.convallis@Proin.ca
Harrison M. Snow,823-1616,P.O. Box 925 806 Vel Rd.,sed.orci.lobortis@montesnasceturridiculus.edu
Miriam Z. Mcleod,1-819-961-1246,6687 Dolor Rd.,nulla@facilisis.net
Fulton W. Vinson,1-437-926-3546,513-4121 Commodo Rd.,lorem.lorem.luctus@etlaciniavitae.ca
Gary S. Decker,1-514-514-6531,P.O. Box 368 5708 Suspendisse Avenue,dis.parturient.montes@urnaconvallis.org
Isaiah N. Skinner,1-148-359-8514,Ap #327-8792 Aliquam Avenue,felis.purus.ac@ultriciesligula.net
Molly S. Wynn,1-192-206-7343,P.O. Box 361 8964 Id St.,leo.Vivamus.nibh@Aliquamvulputateullamcorper.edu
Porter O. Beard,1-552-670-4661,P.O. Box 947 8128 Donec Street,Donec.nibh.Quisque@liberodui.com
James R. Guzman,326-7453,946-6768 Dapibus Road,iaculis@risus.ca
Jemima C. Bartlett,420-7970,P.O. Box 620 962 Dictum. Road,dolor.quam.elementum@litoratorquentper.co.uk
Reece H. Valencia,1-532-505-7372,947 Nunc Ave,quam.a@magna.com
Devin D. Thomas,409-4080,Ap #384-695 Mus. Road,amet.lorem.semper@estarcuac.ca
Edward P. Howe,240-1407,Ap #595-5830 Eget Ave,amet.dapibus.id@imperdieteratnonummy.co.uk
Craig M. Colon,505-4617,851-9458 Curabitur Avenue,lacus.Nulla@gravidamauris.org
Danielle A. Ochoa,1-676-965-4201,Ap #868-3059 Mattis Street,purus.Nullam.scelerisque@sapienAenean.org
Jenette J. Russo,758-3473,6162 Proin Avenue,eget.ipsum@sodalesat.edu
Aretha B. Morin,1-209-816-4410,Ap #902-399 Cursus Rd.,diam@nibhvulputatemauris.edu
Ginger B. Brooks,1-887-974-2493,Ap #763-2095 Elit St.,amet.ante@Sednec.ca
Dara L. Estes,1-524-142-6676,P.O. Box 657 9009 Malesuada. St.,non@Sed.ca
Ezekiel R. Hammond,1-341-411-0304,Ap #390-2360 Diam. Street,arcu@Nulla.ca
Nadine I. Cleveland,931-8421,4029 Felis Rd.,faucibus.orci@sit.edu
Carter V. Church,1-584-333-2451,7648 Nec St.,fames@cursusnonegestas.co.uk
Venus L. Acevedo,418-0155,404-7471 Ridiculus Av.,malesuada.ut.sem@vulputate.ca
Keiko C. Sweeney,1-623-197-8461,882 Quisque Avenue,sit.amet@primis.net
Travis N. Gordon,471-6158,Ap #324-5463 Consectetuer Rd.,consequat@vestibulumneque.com
Stephen M. Contreras,609-9916,P.O. Box 466 7206 Sed Ave,vehicula.aliquet@Maurisblandit.com
Harper Z. Kennedy,181-1247,P.O. Box 403 9798 Sed Ave,non.bibendum.sed@ultricesposuere.net
Jasmine I. Floyd,1-315-359-5356,Ap #799-2177 Sed Rd.,viverra.Maecenas@accumsansedfacilisis.co.uk
Juliet C. Terry,680-9677,P.O. Box 492 999 Vulputate Ave,non@metus.org
Brenna T. Tyson,949-5828,667-6285 Donec Street,fringilla.euismod.enim@ametdapibus.org
Amir M. Nash,1-264-617-6443,P.O. Box 219 4483 Nulla. St.,nibh.Phasellus.nulla@rutrumeu.co.uk
Angela J. Moody,1-295-727-8840,2571 Dolor Av.,pellentesque.a@maurissit.edu
Judith U. Ochoa,264-0870,6038 A Avenue,nisl@justofaucibuslectus.com
Zelda Z. Salinas,281-7419,P.O. Box 463 8621 Lectus St.,fringilla.purus.mauris@Donecegestas.com
Maite G. Poole,624-0241,8739 Fringilla Rd.,libero.Morbi@luctusutpellentesque.co.uk
Inez V. Maxwell,382-3032,Ap #873-2064 Auctor Street,et.malesuada.fames@idsapien.ca
Jonas O. Banks,413-7032,P.O. Box 123 234 Eu Av.,egestas@mienim.ca
Eliana Y. Leon,886-5174,5565 Massa. Avenue,Ut.tincidunt@non.co.uk
Elijah Q. Saunders,1-632-287-3144,5635 Lobortis Av.,ante@duiinsodales.edu
Timothy D. Mclaughlin,1-424-220-4641,791 Et St.,amet@Sednunc.com
Madeline Y. Dickerson,784-2238,3648 Erat. St.,Nunc@infaucibus.org
Uriel H. Duffy,1-104-500-5875,2691 Eu Rd.,ac@Nullam.com
Ella V. Durham,1-578-462-9305,361-2234 Ornare Street,ut@uteratSed.org
Benjamin N. Mueller,704-0317,983-2684 Suspendisse Rd.,at.auctor.ullamcorper@consectetueripsum.edu
Sade O. Saunders,1-452-766-6062,2742 Sem Rd.,magna.malesuada.vel@risusQuisquelibero.co.uk
Abbot K. Valenzuela,787-9997,Ap #741-726 Et Av.,libero@Duisrisus.org
Guy W. Hart,989-7017,4542 Cubilia Rd.,id@Maurismolestie.org
Magee K. Simpson,196-9622,Ap #552-3298 Et St.,eget.ipsum@sagittis.ca
Aimee K. Jackson,179-7805,P.O. Box 799 6255 Scelerisque St.,Donec@amet.org
Cara S. Mcintosh,1-628-718-0379,P.O. Box 852 2455 A St.,turpis.Aliquam.adipiscing@etpede.edu
Colleen H. Fowler,1-171-457-1797,P.O. Box 862 7931 Ut Av.,eu@hendrerit.org
Tasha T. Taylor,1-217-975-0277,P.O. Box 172 6047 Eleifend Rd.,amet@egestasAliquam.ca
Zeus Q. Crosby,408-4326,688-7422 Vulputate St.,iaculis.aliquet@VivamusnisiMauris.net
Mason O. Hardy,1-747-509-8571,9168 Nunc Ave,molestie@Curabituregestas.edu
James W. Garcia,163-7351,420-1893 Eu Av.,et.ultrices.posuere@nonfeugiatnec.co.uk
Petra W. Mcdaniel,1-531-996-9343,Ap #444-8952 Sed Street,neque.non@mi.net
Urielle T. Boyd,117-1946,P.O. Box 980 4866 Mauris Av.,scelerisque.mollis.Phasellus@Nuncsed.edu
Iliana Z. Burgess,444-6091,451-5168 Amet Rd.,luctus.ut.pellentesque@luctus.co.uk
Vladimir X. Sweeney,1-309-908-7968,4888 Mauris Rd.,accumsan.neque@consectetuer.edu
Britanni X. Mckinney,1-283-818-8039,579-803 Iaculis Rd.,pharetra@adlitoratorquent.com
Savannah X. Callahan,1-188-559-3247,Ap #267-6817 Varius Street,Nunc.mauris@etmagnis.co.uk
Garth Q. Dunlap,1-146-335-6908,Ap #214-2411 Dignissim Road,quis@Fuscealiquet.org
Jermaine J. Diaz,581-4321,756-5817 Sem Avenue,eget.laoreet.posuere@justoeuarcu.co.uk
Ursula L. Lindsay,513-6809,Ap #768-8668 Nec St.,pretium@metusVivamus.ca
Gloria O. Hutchinson,457-7753,Ap #911-4894 Nisl. Avenue,sem.ut@arcuSedeu.edu
Laith X. House,273-1777,733-9804 Aliquet Ave,Mauris.blandit.enim@faucibusorciluctus.co.uk
Timothy C. Clayton,1-408-217-6895,Ap #383-6224 Vehicula Ave,iaculis.quis.pede@fringilla.net
Jocelyn N. Finch,1-816-891-3144,Ap #630-5310 Nam Rd.,sed@feliseget.ca
Anastasia P. Monroe,218-6719,P.O. Box 698 2482 Mattis Road,nascetur.ridiculus@mollislectus.net
Lyle C. Duncan,943-6078,Ap #290-1618 Massa. Road,amet.consectetuer@et.net
Rhoda E. Jacobs,1-694-607-6319,226 Aliquet Rd.,mollis.non@Proinnonmassa.edu
Tana P. Ward,1-569-209-5523,6316 Ut St.,aliquet.molestie.tellus@lobortisnisi.co.uk
Ila Z. Chavez,1-748-649-6849,Ap #818-4192 Augue St.,lectus@variusNam.ca
Yoshi F. Mercer,859-8941,P.O. Box 103 8701 Suspendisse Avenue,Nunc.commodo@purus.edu
William V. Leach,1-936-617-7029,P.O. Box 700 4577 Ullamcorper Ave,vel@dictum.com
Yoshi N. Sears,992-4384,378-373 Eu Avenue,arcu@Maecenas.net
Travis F. Pickett,1-566-801-2659,8551 Pellentesque Av.,non.feugiat.nec@malesuadavelconvallis.ca
Ivy K. Mack,831-6400,P.O. Box 116 6750 Iaculis Street,vitae.erat@Suspendissecommodotincidunt.ca
Octavia Y. Graves,1-721-190-5891,P.O. Box 275 8083 Felis. Av.,felis.orci@sodalesnisi.ca
Brock J. Combs,1-218-847-0750,150-7917 Magna. Ave,adipiscing.lobortis.risus@dolorFuscemi.net
Ulysses O. Sears,1-115-645-4589,Ap #309-9235 Nulla Ave,vitae@malesuadafamesac.net
Damian C. Martin,1-824-597-9502,213-1583 Per Av.,ipsum.non@suscipitest.ca
Kelly O. Johns,1-280-359-4514,263-2984 Aliquam Av.,Quisque.libero.lacus@ultricesVivamus.com
Dieter N. Vazquez,1-379-623-2804,P.O. Box 534 8047 Pharetra Ave,faucibus@Donecfelisorci.ca
Maxwell L. Reyes,239-2547,867-6299 Lectus Street,vulputate.eu.odio@facilisis.org
Reese P. Whitney,1-897-895-3796,302-980 Nam Street,turpis.vitae@eleifend.co.uk
Colton A. Roberson,1-301-976-7407,6808 Fames St.,Donec.fringilla.Donec@tempusscelerisque.co.uk
Valentine X. Day,1-954-699-4407,1413 Tempus Avenue,Ut@Proin.com
Jacqueline E. Munoz,1-601-770-0738,9413 Fusce Ave,ante.dictum.cursus@Nullamfeugiatplacerat.ca
Kay G. Hughes,1-453-703-9342,Ap #899-8646 Integer Avenue,luctus.ipsum@Nulla.org
Hedley F. Stark,613-1426,P.O. Box 967 5118 Dolor Street,aliquet.magna.a@auctor.org
Hermione Q. Walsh,651-3052,P.O. Box 800 7005 Ipsum. Av.,adipiscing@cursuset.com
Ryan Q. Mcdowell,582-4993,Ap #733-4565 Lobortis Road,gravida.sit@viverraMaecenas.org
Leslie I. Payne,1-312-724-7904,446-6682 Amet Street,Quisque.porttitor@utnisi.com
Elton N. Bradley,1-255-677-2807,Ap #836-9505 Donec St.,at.libero@feugiatLorem.edu
Laura B. Underwood,1-904-792-5504,257-8567 Purus. St.,congue.turpis.In@Fuscemilorem.net
Kylan U. Lyons,1-140-914-2591,P.O. Box 565 5440 Vitae Av.,scelerisque.neque.Nullam@feugiatnec.com
Owen Q. Chaney,1-645-939-2900,192-9636 Pretium Rd.,scelerisque.mollis@quis.co.uk
Iris J. Hudson,1-107-478-1208,Ap #250-6706 Ornare St.,Phasellus.fermentum.convallis@aultriciesadipiscing.org
Nichole A. Harris,831-0523,578-3506 Tortor. Rd.,malesuada.fringilla@Donecest.net
Hedda P. Meadows,811-7048,8442 Nunc Road,in.dolor.Fusce@laoreetliberoet.edu
Germane N. Knight,1-231-730-3411,220-751 Fusce Ave,eu.ligula.Aenean@Quisqueac.org
Allistair N. Kinney,479-4899,P.O. Box 445 6894 Pellentesque Rd.,velit.eget.laoreet@neque.edu
Gary Q. Jenkins,1-462-426-1201,Ap #877-2402 Purus. St.,suscipit.nonummy.Fusce@felis.co.uk
Logan Z. Good,743-8350,215-9347 Nam Rd.,id.sapien.Cras@molestietortor.co.uk
Fitzgerald T. Zamora,841-8831,302-8317 Lacus. Road,varius.Nam@mattisInteger.com
Shellie M. Wright,1-501-239-2522,986-900 Erat. Ave,parturient@Aeneaneuismod.org
Mason P. Acosta,253-2588,P.O. Box 235 4166 Neque Street,habitant.morbi@semper.edu
Signe J. Molina,282-8636,2468 Posuere St.,neque.Nullam.nisl@mauris.ca
Bell D. Merrill,270-7506,P.O. Box 780 4381 Tempus Street,Nullam.vitae@utpellentesque.net
Mira U. Hancock,877-7067,879-1089 Montes Avenue,Nunc.commodo.auctor@Cum.org
Kathleen L. Acevedo,1-534-792-9716,2826 Sit Rd.,Proin.nisl.sem@anteMaecenas.co.uk
Adria R. Chavez,1-758-468-6223,Ap #738-8941 Faucibus St.,ut.nulla@Aenean.ca
Ulric N. Evans,206-8917,Ap #389-2509 Sem Rd.,magna.Cras.convallis@Fuscefermentum.org
Vance F. Young,231-1047,904-1489 Vitae Road,ornare.In.faucibus@ligula.org
Micah J. Best,1-828-467-4776,P.O. Box 644 734 Consectetuer Av.,a.sollicitudin.orci@hymenaeosMauris.net
Jaden P. Montoya,1-856-846-6978,Ap #427-3893 Nibh Rd.,Morbi.accumsan@felis.net
Ezra M. Harrison,487-1115,Ap #756-7750 Molestie Ave,eu.nibh@aliquet.net
Harding F. Key,1-800-140-0512,6582 Amet St.,accumsan.interdum.libero@blandit.org
Dakota Q. Booker,1-494-162-0014,338-2268 Pede Ave,penatibus@NulladignissimMaecenas.ca
Odette H. Hunt,470-1992,800-7849 Condimentum. Street,sed.consequat@musAeneaneget.net
Drew I. Hodge,873-6216,Ap #904-2733 Ligula St.,placerat.velit.Quisque@eratSed.net
Hiroko P. Vinson,563-7415,2045 Cursus Avenue,orci.sem.eget@consequat.net
Jane C. Carey,1-743-968-9982,353 Duis Av.,non.lacinia@nullaanteiaculis.org
Ariel O. Sweeney,1-905-851-4808,P.O. Box 289 9190 Aliquam Avenue,Fusce.mi@vulputateeu.co.uk
Lance N. Wagner,1-748-194-9624,7545 Sodales Rd.,neque.tellus.imperdiet@id.co.uk
Kai G. Avery,648-4697,394-3467 Lorem St.,metus.facilisis@enim.com
Bert R. Mcleod,1-690-486-3310,P.O. Box 770 7957 Quisque Avenue,sapien.cursus.in@tellus.net
Naomi C. Bullock,143-4382,P.O. Box 273 6301 Urna. Rd.,consectetuer.mauris@noncursusnon.ca
Harrison A. Nunez,1-723-149-3084,5852 Semper Rd.,erat.volutpat.Nulla@adipiscing.ca
Tatum Z. Roy,1-918-320-9679,5381 Felis. Road,non.vestibulum@mifringilla.co.uk
Myra W. Mayo,1-175-548-3460,458-3566 Lacus. St.,Praesent.interdum.ligula@sodales.org
Raphael Y. Juarez,492-2523,Ap #731-497 Eget Road,vitae@augueporttitorinterdum.ca
Micah C. Parks,961-3982,590-9484 Tristique Rd.,lectus.Nullam@placerat.com
Odysseus B. Deleon,1-837-739-4664,Ap #804-1890 Leo. Street,elit.pretium.et@sociisnatoquepenatibus.org
Martena G. Wooten,219-8027,860-3470 Vestibulum Road,lectus.sit@nonbibendum.net
Malachi A. Guerrero,738-9357,P.O. Box 816 1543 Nec Street,libero.dui.nec@felis.net
Denton Y. Callahan,1-256-406-5186,Ap #420-3509 Dis St.,dictum@vulputatedui.org
Harding D. Cox,1-263-713-3681,P.O. Box 746 8850 Odio St.,Cras.sed.leo@Morbiquis.edu
Willow V. Williams,1-170-176-6299,258-2481 Felis Street,nulla.ante.iaculis@sitametluctus.com
August Y. Todd,392-5499,Ap #929-5541 Aliquam Street,lacinia@diamDuismi.ca
Neve G. Baird,424-2578,733-9301 Aliquet Ave,orci.lobortis@venenatisvel.co.uk
Debra J. Guzman,702-9561,P.O. Box 727 6337 Nulla Road,per.inceptos@etmalesuadafames.co.uk
Venus G. Blackwell,742-4822,Ap #503-8470 Cursus St.,inceptos.hymenaeos.Mauris@at.org
Benjamin E. Perry,1-124-846-7492,552-5345 Pellentesque Av.,vulputate.nisi@infaucibusorci.ca
Duncan E. Chan,1-735-364-2766,798 Bibendum Road,lectus.convallis.est@tellussem.edu
Kane Y. Shannon,1-160-672-4138,P.O. Box 845 900 Sem Av.,non@justosit.edu
Leslie D. Baker,826-5383,2719 Cras St.,nec@aceleifendvitae.org
Inez A. Mccarthy,1-940-334-7617,Ap #157-3281 Pede. Av.,et@aneque.ca
Jin Z. Reid,184-5977,Ap #725-9468 Vitae Rd.,Quisque.varius.Nam@cursuseteros.co.uk
Damon M. Spears,1-115-766-2848,420-7978 Orci Avenue,erat@sedest.co.uk
Maris Y. Wheeler,660-8451,814 Luctus Street,varius@libero.com
Benedict U. Wise,1-567-108-0993,P.O. Box 968 5756 Ipsum. Street,ultricies.adipiscing@DonectinciduntDonec.org
Kay D. Dorsey,127-3426,783-9801 At Rd.,ac.facilisis@arcuVestibulum.edu
Madaline F. Richard,1-421-423-2992,P.O. Box 893 8419 Ante. Road,nulla.Integer.vulputate@blanditat.edu
Charles X. Golden,584-4645,P.O. Box 891 3231 Rutrum Rd.,Vivamus.euismod.urna@lacinia.co.uk
Myra Q. Montoya,1-861-732-2323,7026 Dui Avenue,eu@aodiosemper.co.uk
Ingrid V. Reid,1-941-345-9045,Ap #793-2175 Ac Street,tempus.scelerisque.lorem@eumetusIn.org
Xander L. Glenn,886-5561,Ap #928-5399 Dapibus Rd.,amet.ante@mollisdui.edu
Bevis Q. Wong,1-106-132-0647,3444 Blandit Avenue,laoreet.ipsum.Curabitur@Vivamus.co.uk
Haviva Q. Carlson,1-104-687-9637,P.O. Box 948 8305 Luctus. Street,laoreet.lectus@mauris.net
Bradley X. Hahn,1-722-124-8081,619-233 Scelerisque Avenue,gravida@non.ca
Colin Y. Vazquez,170-4120,P.O. Box 588 4175 Praesent Avenue,cubilia.Curae@pedeetrisus.com
Allistair Mosley,1-588-942-8045,141-2300 Ornare Street,nibh.dolor.nonummy@Praesent.com
Brett Hatfield,171-1945,417-9645 Nullam Avenue,Phasellus.nulla.Integer@id.edu
Shay Browning,1-737-689-8366,P.O. Box 646 4275 Tempus Rd.,consectetuer.rhoncus.Nullam@posuerevulputatelacus.edu
Keefe Huffman,785-8584,Ap #554-6548 Egestas St.,laoreet.ipsum.Curabitur@Etiam.edu
Boris Kaufman,1-476-735-1891,P.O. Box 903 6655 Imperdiet Av.,lectus.pede.et@facilisis.co.uk
Honorato Herring,187-0228,P.O. Box 731 4630 Tellus Ave,orci.tincidunt@etnetus.co.uk
Dennis Gray,407-0573,Ap #706-7478 Ultricies Ave,nec.tellus.Nunc@ligulaDonecluctus.edu
Graiden Alford,931-3121,P.O. Box 553 2080 Orci Rd.,adipiscing.enim@maurisaliquam.ca
Gail Hartman,1-122-927-7261,Ap #983-5082 Sed St.,tempor.bibendum@vitae.com
Lael Sampson,679-1150,P.O. Box 394 1506 Massa Street,posuere.enim.nisl@Sed.edu
Xenos Welch,288-8317,417-7896 Ut Street,mauris.Integer.sem@lorem.com
Jacob Goff,355-9688,P.O. Box 384 4551 Euismod Rd.,sed@mi.edu
Mollie Hooper,1-711-541-9512,P.O. Box 944 5418 Aenean St.,cursus.in.hendrerit@fermentum.co.uk
Kiona Weaver,493-2921,P.O. Box 172 1432 Elementum Rd.,orci.Phasellus@aliquet.edu
Amelia Daniel,1-947-465-6024,Ap #937-6512 Et Ave,ac.mattis.semper@etmagnisdis.co.uk
Alana Burch,1-459-706-5749,P.O. Box 251 7636 Mi St.,nunc.id@elementum.net
Macy Howe,1-949-432-4089,Ap #336-5433 Euismod St.,aliquet.sem.ut@condimentum.com
Desirae Shaffer,746-8278,8800 Massa. Av.,dui.quis@anteiaculisnec.com
Samantha Mayer,1-463-951-2500,851-8321 Quisque Road,pharetra.sed@Naminterdum.net
Caleb Stuart,1-346-324-8382,P.O. Box 247 5075 Commodo Rd.,placerat@lorem.ca
Silas Ortega,355-1299,Ap #302-8156 Aliquet. St.,varius.et@Sedeu.co.uk
Byron Sears,303-9472,6502 Urna Ave,sociis.natoque@pharetra.ca
Rafael Woods,1-161-704-3162,P.O. Box 622 2271 Tincidunt Avenue,velit.Cras.lorem@idlibero.ca
Isabelle Benton,794-2675,P.O. Box 240 6661 Massa. Street,eu@molestieSed.net
Chadwick Tran,374-6300,371-9650 Ligula Ave,elit@luctusetultrices.edu
Sebastian Willis,1-357-544-5215,Ap #867-7963 Elit Street,risus.In@laoreet.ca
Gabriel Mckinney,226-5444,P.O. Box 511 4262 Vestibulum Rd.,nunc.sit@lectus.com
Ciaran Talley,1-579-556-8979,9595 Tristique Street,mattis.velit.justo@egetmagna.co.uk
Patience Pratt,360-7196,P.O. Box 902 5651 Amet Avenue,laoreet.libero@eulacusQuisque.net
Aimee Richard,420-4245,Ap #562-7825 Ut Road,penatibus.et.magnis@Phasellusdapibus.ca
Alika Cochran,1-108-267-2508,P.O. Box 450 1608 Netus Avenue,pharetra.ut@massaMaurisvestibulum.org
Althea Morin,757-6418,781-1067 Mollis. St.,condimentum.Donec.at@congue.edu
Willow Mathis,141-4063,7643 Egestas Ave,a.neque.Nullam@loremvehiculaet.org
Rosalyn Jacobs,289-1936,378-8685 Augue Rd.,molestie.in.tempus@apurusDuis.ca
Ursula Harmon,789-7708,P.O. Box 231 7100 Eu Street,pede@nonummyipsumnon.net
Rhea Cleveland,264-8603,P.O. Box 968 5213 Venenatis Street,a.arcu.Sed@auctorvitae.edu
Diana Ware,444-0692,P.O. Box 216 7780 Inceptos St.,iaculis.enim@Nullaegetmetus.ca
Patricia Ramsey,878-9426,P.O. Box 512 3766 Imperdiet Street,tincidunt@in.org
Kieran Sargent,1-126-222-7577,313-8837 Enim Rd.,ipsum.dolor@nunc.edu
Leroy Kelley,1-441-159-4215,471-5044 Sit St.,id@interdumligula.net
Benjamin Battle,638-7580,236-534 Vestibulum Avenue,Nam@arcuacorci.ca
Hadassah Cannon,169-3934,6264 Bibendum St.,lorem.Donec.elementum@loremfringilla.edu
Althea Guy,477-8824,458-5500 Lacus. Rd.,orci@luctusutpellentesque.net
Wynter Benjamin,1-429-393-6914,644-1960 Malesuada Rd.,Morbi.accumsan@pede.ca
Otto Ward,797-6223,2086 Sed Rd.,odio@sociis.co.uk
Signe Hughes,923-9902,P.O. Box 992 2362 Consequat St.,amet.ultricies.sem@estconguea.edu
Phillip Pace,302-5254,4720 Elit Avenue,eros.turpis@ligulatortor.edu
Alexandra Ballard,1-998-916-6396,Ap #590-9381 Metus. Street,Nullam.ut.nisi@libero.com
Jade Myers,927-6699,P.O. Box 919 557 Consectetuer Ave,aliquet.metus@nibhDonecest.org
Dale Donaldson,1-816-806-5018,2344 Tincidunt Rd.,Aliquam@inceptos.edu
Althea Frazier,1-549-635-6367,P.O. Box 921 2582 Pharetra. Street,vitae.erat.Vivamus@vitaerisus.com
Noelle Bowman,1-935-195-3318,P.O. Box 203 6265 Facilisis Road,pede.Suspendisse@parturientmontes.com
Cruz Caldwell,639-1280,P.O. Box 836 7605 Ligula. Rd.,at@arcu.net
Ursula Stevens,750-5000,P.O. Box 827 5319 Magna Av.,tincidunt.orci.quis@interdumNunc.com
Sopoline Buckner,1-949-778-9731,1471 Nibh. Rd.,orci.Ut.sagittis@id.ca
Sylvester Carney,1-772-288-6342,1328 Molestie Avenue,libero.et.tristique@Duisat.org
Eliana Noel,436-2941,752-999 Vehicula Av.,tellus.faucibus@eu.edu
Kai Hamilton,1-235-867-6792,Ap #810-9468 Et St.,Integer@Curabitursed.net
Zelda Kramer,125-1323,P.O. Box 651 1085 Euismod St.,sem@litoratorquent.com
Hop Chan,431-8151,P.O. Box 153 1796 Nam Rd.,dapibus.quam.quis@lacusvariuset.net
Ashton Levine,1-671-855-4044,P.O. Box 328 8067 Etiam Road,Maecenas@Vivamusnibhdolor.com
Brittany Nash,956-6539,607-6558 In Av.,penatibus@risus.net
Yael Tran,884-3305,Ap #240-5360 Magna. Ave,aliquam.adipiscing.lacus@nibh.edu
McKenzie Sutton,1-631-620-0818,Ap #854-143 Nisi. Rd.,odio.auctor.vitae@etrutrumnon.ca
Emily Phelps,713-5113,P.O. Box 754 9701 Donec St.,amet.ante@eratvolutpat.co.uk
Arthur Pruitt,913-4502,682-1846 At Rd.,egestas.urna.justo@aliquamenim.org
Idona Gentry,1-412-662-2160,Ap #556-6117 Suscipit Avenue,mauris.Suspendisse.aliquet@torquentper.com
Brandon Whitehead,947-1961,1984 Risus Rd.,euismod.in@necluctus.edu
Ava Moreno,1-916-485-7863,P.O. Box 519 6277 Arcu. Street,tellus.lorem@idblandit.org
Ainsley Estrada,1-752-438-3998,530-1340 Vivamus Av.,risus.Quisque.libero@Integereulacus.org
Finn Mejia,1-135-542-2369,P.O. Box 777 7165 Mauris Road,magna.Cras.convallis@vitae.ca
Savannah Lloyd,536-2589,P.O. Box 673 5102 Ut Avenue,justo@Inat.com
Ezra Cardenas,153-9339,P.O. Box 151 270 Orci. Rd.,faucibus.orci@a.com
Jayme Ayers,657-3161,628-9772 Orci Street,sed@egetodioAliquam.ca
Kathleen Gray,432-7603,P.O. Box 370 6360 Vitae Road,tempor@necenimNunc.edu
Jesse Fowler,266-4101,P.O. Box 158 1290 Porttitor Rd.,eu.augue@Sed.co.uk
Julie Bernard,1-876-549-5979,P.O. Box 390 3651 Mi St.,a.auctor@maurisa.ca
Clayton Workman,1-977-578-5039,Ap #824-6205 Nec St.,euismod.et@neque.org
Knox Lynn,1-907-581-4696,314-1694 Quam St.,interdum.Sed.auctor@Suspendisse.net
Alexander Spence,594-9349,8699 Sagittis. St.,Nullam@sagittis.co.uk
Derek Hammond,891-6025,2903 Tellus. Ave,turpis@Nulla.org
Lara Peterson,1-367-708-0442,8847 Netus Street,aliquet.Proin@necmalesuadaut.edu
Tallulah Henson,1-994-114-4445,P.O. Box 346 7947 Natoque Ave,Integer@eratvitaerisus.com
Francesca Phelps,1-528-446-6259,2623 Nunc Street,Donec.tincidunt.Donec@erosNam.edu
Stacey Marsh,1-116-944-3420,Ap #305-1826 Vehicula St.,Aenean.eget@nibh.net
Hiroko Suarez,1-654-358-2462,P.O. Box 628 3032 Proin Road,dolor.tempus.non@ipsumdolorsit.com
Geraldine Moreno,1-495-576-0748,2519 Natoque St.,risus.quis.diam@euismod.ca
Amery Pittman,565-2087,817-9548 Elementum Rd.,Curabitur.egestas@sempertellusid.co.uk
Curran Wynn,782-4730,Ap #888-5128 Nec Road,ultricies.sem.magna@ipsumCurabitur.co.uk
Prescott Middleton,1-242-823-8938,P.O. Box 765 5865 Sem Ave,feugiat@hendrerit.co.uk
Zane Garcia,498-8460,Ap #783-797 Molestie Rd.,ut.pellentesque.eget@pharetra.org
Rahim Galloway,197-9817,P.O. Box 535 410 Ligula St.,dolor.quam@risusvariusorci.ca
Alvin Daugherty,1-372-892-6282,239-9613 Ante Ave,Integer.vitae@sagittis.net
Macy Day,640-7858,333 Eu Av.,inceptos.hymenaeos.Mauris@Maecenasmifelis.ca
Wylie Gilliam,1-569-327-0691,P.O. Box 224 4593 Sit Avenue,ipsum.leo.elementum@Craslorem.ca
Kim Mcneil,1-945-776-9167,Ap #725-6939 Non Rd.,nonummy.ipsum.non@Loremipsumdolor.edu
Hollee Montoya,455-8026,P.O. Box 609 6690 Fusce Rd.,eget.ipsum@Vestibulum.co.uk
Trevor Camacho,317-7558,Ap #864-6838 Sit Street,Fusce.feugiat.Lorem@non.co.uk
Yvonne Mclean,409-1716,909-5632 Donec St.,mollis.nec@Quisqueac.net
Briar Hess,457-1621,P.O. Box 547 7617 Lectus Rd.,vitae.velit.egestas@sempercursusInteger.ca
Delilah Mercado,1-362-544-9926,P.O. Box 663 3646 Lorem Rd.,ante.lectus.convallis@cursusNunc.net
Anika Short,1-801-953-0013,575-361 Senectus Rd.,id@metusInnec.co.uk
Zephr Pacheco,1-479-145-1544,187-2972 In Road,dui.Fusce.aliquam@in.org
Kalia Bowers,1-966-111-9714,P.O. Box 869 7118 Placerat Road,neque.sed@egestas.com
Phelan Everett,1-420-952-8159,899-7586 Cum St.,Cras@Crassed.com
Winter House,1-686-952-2603,Ap #760-5949 Eu Rd.,Duis@ligula.ca
Harriet Franco,1-222-763-3742,Ap #236-5224 Inceptos Av.,dis@elit.org
Olympia Chan,1-935-403-7772,Ap #435-7243 Nec Av.,dis.parturient.montes@tortor.org
Raven Adams,1-889-516-1900,735-5619 Sem Rd.,nec@neque.org
Oren Hoover,200-4442,Ap #369-2181 Non Rd.,auctor.odio@enimmi.co.uk
Jakeem Larson,1-479-836-4195,Ap #978-7892 Tellus St.,et.magnis.dis@iaculis.ca
Dieter Manning,1-605-384-0939,2219 Mi. Road,fringilla.ornare@sodalesMauris.net
Lee Holmes,485-7554,3287 Dolor. Rd.,Nam.consequat@posuerecubiliaCurae.net
Castor Lindsay,551-5830,967-2698 Nulla Ave,vehicula.aliquet@maurisrhoncus.org
Eve Williams,125-3377,P.O. Box 629 4291 Eros. Avenue,magna@semper.edu
Seth Oliver,359-4579,P.O. Box 430 5390 Dolor Rd.,pharetra@massaMauris.net
Nayda Thornton,584-1783,Ap #919-4281 Mollis St.,morbi.tristique.senectus@necleo.org
Keaton Middleton,1-619-812-1573,947-706 Vestibulum Avenue,at.velit.Cras@ac.edu
Asher Battle,582-2055,876-1539 Sit Rd.,nibh@pedeac.com
Orlando Long,250-4433,Ap #794-4674 Lacinia Rd.,sem.vitae.aliquam@dolor.org
Richard Vincent,1-135-348-1697,112-9616 Orci. Av.,nibh.Phasellus@nuncac.edu
Brennan Duran,1-822-983-6276,864 Ipsum Av.,iaculis@risusDonecnibh.co.uk
Deanna Weiss,1-759-953-3268,Ap #698-5066 Neque. St.,auctor.nunc.nulla@tellusfaucibusleo.ca
Neville Case,1-287-335-0163,P.O. Box 193 5594 Aptent Rd.,Suspendisse.sagittis.Nullam@diamSeddiam.edu
Calvin Wilcox,1-552-884-6274,790-6310 Pharetra Rd.,Cras.sed@egetvarius.edu
Sawyer Burns,1-459-574-7114,P.O. Box 243 3248 Feugiat Rd.,pede.nonummy@adui.org
Summer Velez,1-706-317-2745,Ap #536-213 Nec St.,pede@eratvitaerisus.co.uk
Cynthia Fletcher,994-0970,Ap #547-5079 Dictum. St.,Quisque.imperdiet.erat@convallisconvallis.ca
Yoshi Levy,1-694-755-6391,Ap #487-2388 Dolor St.,non.massa.non@vulputatedui.org
Stephen Martinez,1-492-675-7878,P.O. Box 721 1607 Pellentesque Rd.,elit@semmolestie.co.uk
Jade Anthony,1-921-317-7219,Ap #926-5001 Urna Rd.,eget.mollis@magnisdisparturient.com
Slade Lindsey,1-748-402-4732,8974 Et Ave,placerat.orci@turpisegestasFusce.co.uk
Porter Estes,1-616-681-6206,Ap #939-7080 Nec St.,vitae.semper@nonummyacfeugiat.co.uk
Harriet Greene,696-3883,P.O. Box 178 5168 Tincidunt Street,amet@ut.org
Serina Whitaker,1-975-220-8433,P.O. Box 768 5357 Mi Ave,primis.in@placeratvelit.edu
Tatyana Noel,1-250-157-8396,866-200 Sem Rd.,In@a.edu
Hyacinth Sargent,1-972-557-8819,928-8004 Malesuada Rd.,pharetra@Morbiquis.org
Carly Winters,1-432-102-0441,858-3409 Cras St.,urna@Fusce.com
Jane Ewing,1-188-726-7325,8021 A Street,ipsum.primis.in@maurisipsum.net
Danielle Fernandez,804-2135,Ap #300-8772 Ac Av.,Donec.nibh@orciPhasellusdapibus.ca
Warren Crosby,151-3212,Ap #723-3155 Risus. Avenue,vulputate.velit.eu@lobortisauguescelerisque.ca
Vivian Nolan,1-681-452-4934,Ap #238-7775 Non Ave,Nullam.suscipit@nuncsedpede.org
Xandra Ramsey,1-158-302-9038,423-5216 In Rd.,ut.sem.Nulla@lectus.edu
Maya Cross,1-286-393-0486,Ap #296-471 Pede Avenue,sed@anequeNullam.com
Geoffrey Houston,647-9287,989 Eget Ave,Nam.nulla@tellusnonmagna.co.uk
Reed Bass,979-8453,555-9737 Cursus Road,vel@estNunc.net
Elliott Hurst,1-712-544-3428,P.O. Box 113 5578 Scelerisque Ave,ac@Suspendissealiquetmolestie.co.uk
Dean Lynch,897-0183,5990 Facilisis. Road,purus@ligulaAenean.co.uk
Evan Richmond,1-189-729-2004,785-5858 Mauris St.,lectus@conubianostraper.net
Malik Moreno,1-819-897-3287,P.O. Box 109 8561 Fermentum Av.,Donec@infaucibusorci.org
Bethany Quinn,576-2253,3342 Orci Avenue,ante.bibendum@ipsumdolor.com
Allegra Salazar,1-657-545-6097,P.O. Box 182 7171 Lacus. Ave,sapien.Cras.dolor@faucibusleo.edu
Ali Richardson,552-5417,P.O. Box 544 7750 Sed Street,ultrices.posuere.cubilia@dictumeu.org
Vaughan Berg,579-8959,P.O. Box 164 8502 Mollis Rd.,dolor@sagittisDuisgravida.co.uk
Meghan Jacobs,1-592-737-5645,Ap #889-2325 Lobortis. Rd.,id.nunc@Donecconsectetuermauris.ca
Melanie Reid,1-653-791-8085,3986 Mi Avenue,faucibus.orci@nibhPhasellus.com
Inga Webb,1-731-155-0534,5431 Ultricies Av.,ac.tellus@Vestibulumanteipsum.edu
Indira Henry,324-5033,2560 Phasellus Rd.,Sed@velitegestaslacinia.com
Callum Conway,1-980-922-6495,Ap #950-4064 Gravida Av.,sociosqu.ad.litora@sagittissemper.edu
Vincent Chambers,1-847-298-1988,7852 Egestas St.,sit.amet@Nunclectuspede.org
Wynne Henry,1-836-941-5423,9718 Diam. Street,auctor.velit@Phasellus.com
Cade Palmer,1-793-948-8944,Ap #206-2979 Aliquam Avenue,interdum.Nunc.sollicitudin@vulputaterisus.net
Gabriel Newton,461-3773,268-9183 Sapien Avenue,tortor.dictum@lectusquis.org
Isabelle Michael,1-296-127-0809,548-3999 Erat Road,imperdiet@Vestibulumaccumsanneque.co.uk
Anjolie Osborne,919-5974,P.O. Box 597 5497 Leo. Ave,arcu@urnaconvalliserat.ca
Christine Brewer,1-408-551-8101,428-8681 Elit Av.,Vivamus.molestie@lorem.co.uk
Martena Carey,1-761-247-0038,963-1691 Tristique Rd.,erat@Phasellusataugue.ca
Hollee Walker,924-2174,P.O. Box 986 8285 Eget Avenue,Phasellus.vitae.mauris@Cumsociisnatoque.ca
Nichole Thompson,1-390-903-1873,Ap #803-1395 Et St.,Phasellus.in@Cras.org
Quinn Haney,1-892-606-1162,Ap #352-8915 Etiam St.,ut.odio.vel@Nam.net
Benjamin Terry,427-1034,P.O. Box 727 8609 Enim Av.,vulputate.velit@nonlobortisquis.net
Shad Snider,1-186-866-2402,P.O. Box 177 297 Etiam Rd.,enim.Suspendisse@ideratEtiam.org
Declan Day,1-981-899-8355,Ap #183-7136 Consectetuer Av.,rutrum.magna.Cras@ipsum.ca
Lavinia Cash,1-367-603-6496,856-9038 Nunc St.,Curabitur@quam.org
Brenden Thomas,270-2707,P.O. Box 145 4196 Dui Av.,Sed@sitamet.org
Russell Goodman,744-6730,Ap #809-7799 Cursus. St.,sagittis.placerat.Cras@ametfaucibusut.edu
Winter Baxter,759-5760,Ap #882-6242 Cubilia Av.,Cras@eleifend.net
Ora Elliott,863-3592,P.O. Box 589 6041 Fusce St.,Nulla@luctusipsumleo.ca
Shaine Howell,766-7015,P.O. Box 176 2795 Elit. Rd.,ante.Vivamus.non@Fusce.org
Octavia Rodriguez,387-6871,413-5289 Tellus Avenue,Sed.id@ametmassaQuisque.org
Leo Prince,1-521-486-0761,Ap #555-1502 Integer St.,Ut.tincidunt@nonquam.com
Guinevere Rivers,1-981-767-9775,3458 Nec Rd.,pharetra.Quisque.ac@etmagnis.ca
Jamalia Stevenson,733-2424,8833 Eu St.,purus.Duis@eleifendegestas.org
Marvin Mills,1-270-822-9879,P.O. Box 172 742 Pretium Avenue,ut.nisi@Curabiturvellectus.edu
Warren Pace,1-426-242-0200,605-1197 Tellus Avenue,Cras@acorciUt.com
Lael Carrillo,1-241-909-4103,6526 Scelerisque Ave,per.inceptos.hymenaeos@erateget.com
Castor Guerra,1-940-474-6123,5364 Enim Av.,libero@esttemporbibendum.net
Maisie Head,1-835-908-9227,797 Libero Road,malesuada@tortornibhsit.net
Tobias Newman,1-461-308-1495,P.O. Box 578 1245 Sapien Avenue,magna.Lorem@Phasellus.co.uk
Lesley Solomon,241-2807,3181 Ut Rd.,turpis.egestas@Maecenas.edu
Carson Hart,831-5803,9836 Nulla Ave,ac.urna@tacitisociosquad.com
Erica Sampson,1-182-849-3181,Ap #273-6651 Venenatis Road,Quisque.ornare.tortor@leo.co.uk
Ignatius Stephenson,965-3126,394-5680 Egestas Av.,vitae.erat@egestasDuisac.com
Demetria Gilbert,196-6081,P.O. Box 967 7024 Magnis Rd.,nec@Sedauctor.org
Kieran Copeland,1-571-900-2550,P.O. Box 404 1523 Fermentum Street,ultrices@amet.org
Arthur Hunt,452-4615,P.O. Box 274 6997 Eu Ave,In.mi.pede@enimSuspendissealiquet.ca
Curran Haley,523-6771,Ap #544-3441 Erat. Road,Proin.dolor@odiotristiquepharetra.ca
Stacey Kane,155-1573,6989 Aenean Rd.,Donec.est.mauris@blanditenim.net
Justine Morton,855-7946,P.O. Box 596 9322 Libero Avenue,libero.Proin.mi@VivamusrhoncusDonec.co.uk
Quinn Reyes,1-915-540-3642,2893 Sed Street,velit@Ut.com
Noel Fleming,1-440-601-1158,2246 Non Rd.,orci@nequeNullam.com
Kathleen Mitchell,1-552-746-8833,Ap #554-7872 Est. St.,quis@bibendumDonec.com
Scott Baldwin,1-878-390-0772,Ap #971-4723 Magna. Street,ac.facilisis@mi.net
Plato Vinson,717-2319,P.O. Box 348 5320 Arcu Street,neque.non@Duisami.com
Micah Bruce,1-334-586-9407,7908 Nunc Rd.,lorem@maurisblandit.edu
Gail Medina,112-7313,225-2666 At Rd.,nec.enim.Nunc@orci.org
Neville Deleon,1-620-980-2369,832-3101 At Street,a@Fuscealiquam.com
Amela Harrell,1-614-474-0117,5509 Feugiat Rd.,non.dapibus.rutrum@a.com
Ira Burgess,1-671-645-0154,3022 Risus Avenue,risus@eumetusIn.co.uk
Gwendolyn Lee,769-4950,970 Mauris Av.,posuere@faucibusidlibero.net
Theodore Hurley,1-784-506-7985,348-3826 Ac Rd.,ut.quam.vel@dictumplacerat.co.uk
Tashya Strong,1-621-764-6935,P.O. Box 627 563 Nam Av.,nulla@congueaaliquet.com
Madeson Holt,597-9943,Ap #792-9771 Arcu St.,erat.nonummy.ultricies@nonquamPellentesque.net
Melanie Malone,683-8138,Ap #644-6780 Neque Ave,diam.luctus.lobortis@egetvarius.org
Eaton Daniel,258-2054,3949 Habitant Street,libero.Donec@ullamcorper.org
Fritz Johnson,1-238-191-3884,P.O. Box 556 1261 Vivamus Av.,sagittis.lobortis.mauris@eumetus.org
Dennis Mcknight,199-2400,Ap #414-905 Vestibulum. Street,a.arcu@natoquepenatibuset.net
Alvin Chapman,906-5067,101-2198 Ac St.,dictum.Phasellus@sitamet.co.uk
Jayme Eaton,264-2303,P.O. Box 436 3175 Cras Rd.,primis@cursus.org
Ulric Richardson,867-3435,8167 Maecenas St.,et.eros.Proin@eu.co.uk
Jenette Pennington,1-424-750-7616,Ap #624-2503 Id Road,Proin@estMauris.edu
Tyler Gonzales,336-4783,2788 Et Avenue,orci.Ut.sagittis@massaMaurisvestibulum.co.uk
Aidan Burnett,1-483-255-0463,1651 Mattis St.,ligula@enimSuspendissealiquet.com
Mark Christian,1-568-341-8600,492-5598 Suspendisse Av.,ac@sodaleseliterat.co.uk
Carter Hawkins,535-6267,1052 Augue St.,sociis.natoque@auctorvelit.net
Kylee Lamb,726-0509,5077 Pellentesque Ave,enim.non@augue.net
Wendy Coleman,105-7441,P.O. Box 397 3020 Tortor Av.,lobortis.ultrices@velmaurisInteger.net
Lacey Fitzpatrick,885-4049,8990 Posuere Rd.,vitae@orci.net
Christen Johns,1-868-220-4287,Ap #959-3738 Fringilla Street,eget.metus.eu@dui.com
Shoshana Gray,1-339-823-5324,P.O. Box 388 3499 Est. Avenue,ut@rhoncus.ca
Quon Benton,1-864-860-3097,Ap #282-1425 Mauris St.,libero.Proin@musAenean.edu
Brynn Barton,220-7238,5672 Ullamcorper St.,dictum@maurisblandit.ca
Isaac Glenn,988-7218,Ap #888-7550 Mauris St.,lectus@etmagna.org
Demetria Franklin,795-3208,906-2871 Lacus. Rd.,dui.Cum@sedsapien.co.uk
Jana Rogers,208-4382,P.O. Box 532 7453 Nunc Rd.,semper@egestasFusce.net
Venus Cline,1-469-531-1047,391-3829 Eu St.,tellus.Nunc.lectus@nec.com
Renee Tyson,315-9136,291-7438 Placerat Avenue,scelerisque.scelerisque@scelerisquesedsapien.co.uk
Felix Wilcox,1-289-986-8210,542-6551 Tellus Ave,elit.erat@massanon.ca
Nevada Lott,706-9353,5361 Aliquam St.,in@lectus.co.uk
Marah Ratliff,791-6705,211-5243 Rutrum Rd.,ultrices@lectus.org
Meredith Lee,132-6932,Ap #453-2038 Lorem St.,sociis.natoque@DuisgravidaPraesent.org
Cara Santana,1-325-697-2663,7550 Turpis Ave,molestie@nonlorem.com
Kieran Reese,1-793-850-5306,6866 Arcu. Avenue,odio@ante.edu
Dennis Gallagher,236-7152,Ap #764-9921 Eget Av.,lorem.vitae.odio@mi.ca
Hyatt Gillespie,737-5032,Ap #490-145 Amet Ave,orci.quis.lectus@perconubia.net
Xavier Eaton,1-130-873-7642,1503 Nibh St.,turpis.nec@sempercursusInteger.co.uk
Amery Stanton,1-874-726-1953,P.O. Box 483 5298 Congue Av.,ultricies.adipiscing@nonummyipsum.com
Mikayla Trujillo,664-6623,9074 Conubia Street,nulla@etnunc.co.uk
Tucker Lester,141-1542,Ap #649-8841 Vitae Ave,Cum.sociis.natoque@aliquet.edu
Tanek Kim,734-5606,Ap #826-8738 Sed Avenue,taciti.sociosqu@enimcommodohendrerit.ca
Cody Lamb,958-7170,468-1763 Neque. St.,nibh.dolor.nonummy@eueleifendnec.edu
Driscoll Berger,793-9061,P.O. Box 738 369 Proin Avenue,inceptos.hymenaeos.Mauris@venenatisvel.org
Meredith Ramsey,571-0218,815-2663 Lorem Street,in@montesnascetur.org
Duncan Raymond,246-0462,Ap #121-8312 Velit Av.,Duis.risus@nibh.edu
Rajah Washington,744-1180,413-3349 Ullamcorper Av.,metus.sit@parturient.ca
Warren Justice,1-823-218-8025,772-3104 Condimentum. Rd.,dignissim.lacus@velitPellentesque.net
Odysseus Whitley,829-8767,3263 Sem St.,lorem@dui.org
Vincent Mcgee,363-2958,2625 Ad St.,vitae.odio@utodiovel.org
Naomi Ford,1-812-972-2889,P.O. Box 207 1204 Amet Ave,Suspendisse@metusAliquam.ca
Colorado Bowen,504-4581,805-9344 Semper Street,nunc@eratnonummy.org
Benjamin Whitney,1-159-706-2123,381-7360 Auctor Street,risus.Quisque.libero@laoreetlectus.net
Shea Watson,1-692-385-1274,Ap #621-2083 Ipsum St.,risus@Phasellusinfelis.net
Kiayada Smith,1-280-341-8826,P.O. Box 713 9459 Ultrices St.,tellus.Suspendisse.sed@lectussitamet.org
Selma Figueroa,847-7209,1919 Metus St.,ipsum.sodales.purus@mauris.edu
Ingrid Knowles,1-196-313-3194,500-3896 Mauris Road,neque@sitametconsectetuer.net
Lance Foley,1-102-641-7480,122-8711 Ipsum Street,augue.scelerisque@dictumaugue.edu
Quamar Cameron,1-689-288-6755,740-8543 A Street,dignissim@ipsumac.edu
Darius Stein,1-651-371-3501,P.O. Box 892 2818 Ipsum Ave,convallis@est.ca
Alexa York,353-8836,8918 Nec St.,cursus.non@sedestNunc.net
Candice Smith,1-357-658-6575,Ap #268-7370 Vitae St.,mauris.erat@et.org
Chanda Burgess,508-3271,Ap #914-3890 Sit Ave,Proin@erat.ca
Logan Guerrero,605-9517,Ap #836-654 Non Ave,mus.Aenean@magnis.org
Benedict Patton,1-591-612-3783,P.O. Box 546 299 Adipiscing Ave,orci@malesuadaut.edu
Dustin Rutledge,236-9705,3695 Molestie Avenue,tincidunt@auctornonfeugiat.org
Sage Sanchez,859-1314,580-5939 Ultrices. Rd.,iaculis.aliquet@ac.org
Gil Estrada,814-8356,1762 Tempor Rd.,et.commodo@InloremDonec.co.uk
Aiko Frederick,988-2645,P.O. Box 809 7287 Ipsum Av.,risus.Morbi@libero.ca
Celeste Sparks,723-3790,Ap #848-7638 Cursus Avenue,magnis@nec.ca
Donovan Medina,1-173-718-6467,336-906 Sem Rd.,in.magna.Phasellus@gravida.com
Zelenia Howell,105-6631,642-3119 Luctus St.,tincidunt.orci.quis@in.net
Christian Cohen,354-4838,7483 Eget Street,velit.eget.laoreet@Nulla.org
Kylee Keller,1-313-371-2844,921-6900 Porttitor Rd.,tincidunt.tempus.risus@famesac.net
Jenette Anderson,1-957-169-8068,Ap #778-9016 Sodales St.,mauris.Morbi.non@dignissim.ca
Amir Hall,1-585-807-1396,235-2932 Et Av.,volutpat.Nulla@Quisqueporttitor.edu
Castor York,549-6076,P.O. Box 784 9328 Habitant Avenue,consectetuer.adipiscing.elit@parturientmontes.org
Maxine Garza,1-573-435-8661,7960 Ut Rd.,a.nunc@ornareFuscemollis.net
Jade Dixon,406-7239,P.O. Box 318 3493 Accumsan Rd.,Morbi.neque@Etiamgravidamolestie.com
August Joseph,953-2621,7778 Nec Av.,eros@justoProin.com
Amber Bray,1-647-714-5018,396-5527 Egestas Av.,aliquam@enimnonnisi.net
Tamekah Casey,329-7077,Ap #805-6488 Dignissim Rd.,tincidunt.orci@parturientmontes.edu
Ignacia Macdonald,1-936-987-9279,Ap #889-8358 Amet Road,mollis.Duis@Fusce.com
Leila Snow,1-617-220-0755,964-1036 Aliquet Av.,ornare.Fusce@DonecfringillaDonec.com
Olympia Craft,1-892-415-5224,P.O. Box 896 4070 Consequat Rd.,nunc.risus.varius@lacus.org
Warren Vega,1-932-467-4357,455-2234 Eros Rd.,massa.Integer@nislelementum.com
Hasad Yang,1-202-516-2581,P.O. Box 527 9928 Gravida Rd.,non.nisi@pellentesqueSeddictum.com
Isaiah Stein,532-9194,645-273 Ornare Rd.,sodales.purus.in@scelerisquesedsapien.net
Kiayada Petty,154-5753,6051 Aliquam St.,natoque@arcuAliquamultrices.ca
MacKensie Pierce,944-7306,P.O. Box 939 9353 Vel Av.,imperdiet.ornare.In@tincidunttempusrisus.org
Shad Mccarthy,1-192-750-0118,Ap #890-3326 Sed Ave,purus.accumsan@posuere.net
Quyn Chaney,397-1204,913 Tempor Rd.,dignissim@Suspendissecommodo.edu
Abel Chandler,1-256-443-9269,P.O. Box 316 9291 Sed Road,Nunc.laoreet.lectus@auguemalesuada.net
Emmanuel Yang,384-6010,Ap #703-9192 Phasellus Rd.,metus@adipiscinglobortisrisus.edu
Ursa Shaffer,1-462-421-4494,P.O. Box 325 4407 Suspendisse St.,fringilla.mi.lacinia@erateget.org
Boris Atkins,1-891-899-1073,Ap #740-9954 Cursus St.,erat.volutpat@magna.org
Melissa Grimes,260-1878,P.O. Box 707 8380 Sodales. Rd.,nisi@cursusin.ca
Dacey Patton,1-281-367-4268,9123 Sem Road,Pellentesque@purus.org
Brianna Workman,320-2024,4037 In Rd.,aliquet@hendrerit.co.uk
Ethan Stafford,1-213-726-3102,Ap #180-9841 Libero. Avenue,a.ultricies.adipiscing@rutrummagnaCras.net
Darius Nunez,424-8772,519-1740 Fames Rd.,eu.tellus@suscipitest.edu
Kristen Miles,194-7821,P.O. Box 308 7616 Consectetuer St.,convallis.convallis.dolor@sagittislobortis.net
Serena Cervantes,1-129-548-2804,342-1241 Amet Rd.,non.massa@tellus.ca
Lani Lara,1-453-812-8105,7260 Elit Avenue,sed@risus.co.uk
Aspen Richmond,1-548-937-4103,P.O. Box 597 3273 Tellus Road,Aliquam.erat.volutpat@enimcondimentum.com
Rashad Avery,1-766-944-2732,9337 Mollis St.,metus@fringillaornareplacerat.ca
Simone Robbins,139-6634,Ap #658-4340 Ut Avenue,mi.Aliquam.gravida@gravida.co.uk
Jarrod Rivers,1-824-543-5276,313-812 Malesuada Rd.,et@pretium.org
Judah Lancaster,100-8689,273-3323 Erat. Ave,congue.turpis@utmolestiein.org
Martha Murray,1-997-364-8744,554-5670 Dapibus Road,sem@Quisque.ca
Judith Morris,1-303-888-0264,381-5741 Erat Av.,pede.sagittis@metusVivamus.net
Renee Garrett,1-254-120-2971,303-4198 Egestas. Avenue,nonummy@semperrutrum.co.uk
Katell Smith,673-4580,239-2515 Nunc Av.,non.lorem.vitae@Sedauctorodio.org
Nerea Whitney,613-3789,Ap #973-3472 Porta Rd.,ornare.egestas@iaculislacus.com
Nathaniel Pickett,290-6143,655-6130 Hendrerit Rd.,Phasellus@elementumlorem.co.uk
Cruz Carpenter,590-5866,808 Morbi St.,vulputate.velit.eu@ipsumdolor.org
Brandon Quinn,1-576-593-1786,Ap #507-6928 Eget Ave,in@velitSed.org
Amaya Cook,349-5283,7500 Sociis Street,fermentum.fermentum.arcu@Inlorem.net
Mannix Dorsey,489-5261,Ap #670-1622 Dolor Ave,metus@eumetus.org
Melyssa Rosario,649-1438,P.O. Box 441 8362 Ac Street,sagittis.felis@Etiam.com
Brian Fry,1-232-729-8715,Ap #295-4904 Sed Rd.,sem.semper.erat@euligula.ca
Gregory Allen,993-3951,Ap #689-3936 Ornare Avenue,molestie.arcu.Sed@odiosemper.net
Wynter Curtis,155-5835,9816 Eu St.,sit@dapibus.org
Heather Cervantes,1-926-611-6435,476-1947 Ac Av.,Aenean.euismod.mauris@Etiam.edu
Lucian Dyer,994-8172,Ap #647-6151 Est Rd.,lobortis@Maurisvestibulum.net
Melvin Huff,1-715-750-0591,Ap #302-3697 In St.,Curabitur.dictum@SuspendisseeleifendCras.edu
August Shelton,1-103-158-2086,P.O. Box 484 1092 Libero Av.,Aenean.euismod@massa.com
Eden Kelley,1-797-449-9818,3772 Aliquam Avenue,Nam.consequat.dolor@Etiam.edu
Inez Carney,1-822-745-6174,P.O. Box 374 7927 Nulla Av.,nec.mauris.blandit@vitae.net
Indigo Velasquez,1-374-649-9012,989 Ac Avenue,amet.metus.Aliquam@Fusce.edu
Josiah Moody,1-944-157-9218,Ap #231-8054 Fringilla Avenue,mauris.sagittis@accumsanneque.com
Ryan Buckley,1-430-253-6942,2261 Tempus Rd.,in.felis.Nulla@risusDuisa.edu
Dustin Blankenship,1-961-605-7403,476-9266 Elit Avenue,enim.nisl.elementum@mauriserat.ca
Elton Dotson,984-3386,P.O. Box 914 2137 Pede Av.,quam.vel.sapien@hendreritidante.edu
Quinn Osborn,581-9656,5171 Fringilla Rd.,nulla@nec.org
Mariam Richard,785-7486,P.O. Box 795 931 Non Rd.,non.cursus@rhoncusNullam.co.uk
Alice Gilbert,420-9143,Ap #999-835 Primis St.,cursus@felisDonectempor.net
Alfonso Lloyd,1-844-814-4786,1771 Sit Rd.,sit@non.edu
Kyra Cohen,1-550-419-8123,P.O. Box 489 3884 Hendrerit St.,nec.tellus@Proineget.co.uk
Leslie Calderon,1-860-753-8449,9537 Faucibus Street,tempor@diam.co.uk
Brenda Randolph,1-837-733-6679,878-9912 Aliquet Rd.,ligula@nonlacinia.net
Uriah Mclean,1-173-943-1058,935-7494 Pellentesque Rd.,libero@estacmattis.org
Jemima Hardy,1-748-542-8504,P.O. Box 522 6280 Donec Ave,lorem.eu@tristiquesenectuset.co.uk
Cailin Tyson,558-6022,3662 At Ave,egestas.Duis@nuncullamcorper.co.uk
Adara Beard,973-5753,Ap #953-3587 Imperdiet Street,felis@nonummyultriciesornare.ca
Xander Waters,483-1603,Ap #678-5955 Ut Street,sapien@et.org
Clinton Schwartz,803-3738,202-804 Pede. St.,consequat.purus.Maecenas@lobortis.org
Jack Salas,561-6749,938-1302 Molestie Rd.,sagittis.felis.Donec@aliquam.ca
Ebony Moran,166-3401,637-1161 Blandit. Rd.,ut@magnisdisparturient.com
Chantale Gray,676-6630,P.O. Box 566 1971 Erat St.,Aliquam@sedsemegestas.ca
Zoe Molina,1-842-330-3365,3960 At Avenue,libero.et.tristique@ante.org
Jaden Bradshaw,692-2876,302-7504 Vitae Ave,tristique.senectus@velarcueu.org
Portia Stafford,892-7411,Ap #410-2501 Nunc Ave,Aliquam.erat@Phasellus.com
Fatima Sweeney,807-4334,5735 Augue Rd.,nunc@etultrices.net
Brenda Morgan,1-819-452-6759,P.O. Box 614 9051 Iaculis Avenue,augue.malesuada.malesuada@metusfacilisis.ca
Harper Cobb,756-9339,594-269 At Rd.,magna@in.co.uk
Cara Woodward,1-713-831-0995,P.O. Box 679 1625 Euismod St.,turpis.Nulla@orcitinciduntadipiscing.edu
Prescott Harvey,1-410-443-5654,899-8214 Vestibulum St.,amet.massa.Quisque@Integer.co.uk
Amos Rogers,1-712-601-8543,Ap #270-2141 Aliquet St.,dui.Suspendisse@rutrumnon.net
Wade Mcmahon,108-5931,6912 Dictum Ave,in.dolor.Fusce@malesuada.org
Felix Cummings,1-595-376-7256,389-7587 Leo. St.,massa.Quisque.porttitor@primisin.edu
Yael Gardner,883-8509,Ap #692-9467 Phasellus Ave,dolor@Maecenas.co.uk
Lenore Hendricks,1-834-132-1005,7388 Sit Av.,a.purus@placeratorcilacus.edu
Aline Nixon,591-3659,4915 Fames Road,vitae.orci.Phasellus@augueac.org
Amal Ware,1-333-892-0576,5391 Nunc Ave,tempus.eu.ligula@estNunclaoreet.org
Hakeem Gibson,1-291-671-9258,Ap #692-9749 Tristique Avenue,arcu.et@adipiscingligula.net
Bernard Everett,576-3701,8867 Magna. Avenue,viverra@CuraeDonec.edu
Oren Acevedo,1-463-782-2617,P.O. Box 732 6950 Sed Rd.,tincidunt.nunc@egestasnunc.com
Christian Kidd,243-0017,Ap #536-7468 Pede Road,ornare.facilisis@amet.ca
Chase Knapp,1-498-977-1630,8523 Eleifend Avenue,senectus@lectus.ca
Cleo Boone,1-615-455-8885,Ap #500-5961 Magna Rd.,nec@sagittis.org
Isadora Long,1-390-515-3602,319-4338 Ipsum Street,iaculis.nec@a.edu
Carol Hammond,344-8224,Ap #760-9213 Nunc Av.,inceptos@elitelitfermentum.net
Davis Warner,687-6633,P.O. Box 953 4459 Arcu Street,a.odio.semper@loremtristique.org
Orson Olson,916-2613,P.O. Box 185 7985 Amet Road,iaculis.nec.eleifend@conguea.net
Tyler Cline,326-3153,166-8124 Nonummy Rd.,faucibus.orci.luctus@maurisSuspendissealiquet.ca
Tanner Abbott,743-6179,P.O. Box 291 7556 Neque. Rd.,feugiat@luctuset.com
Alyssa Hart,580-2675,P.O. Box 894 1622 Felis Rd.,enim@habitantmorbitristique.net
Kaseem Allison,1-305-988-7560,636-1243 Risus St.,sed.pede.nec@dictum.org
Gavin Lopez,445-1640,638-3135 Eu Av.,libero.Proin.sed@acmattis.ca
Anthony Conway,1-191-728-2517,6436 Phasellus Ave,at.arcu@mauris.edu
Yeo Wright,1-952-258-2934,976-8743 Non Ave,consequat.lectus@egetdictum.com
Alexander Franco,1-848-478-8517,3286 Diam Avenue,quis.turpis@molestietellus.net
Ira Ayala,976-9724,5939 Nunc Ave,tellus.Suspendisse.sed@cursusvestibulum.edu
Coby Mcconnell,523-0064,P.O. Box 559 5493 Magnis Rd.,sociis@pharetraQuisque.edu
Montana Rich,659-5056,Ap #543-9995 Leo Ave,ante@rhoncusidmollis.ca
Lael Dorsey,942-8485,P.O. Box 317 4779 Montes Rd.,neque.sed@ipsumcursus.net
Eden Sandoval,1-478-764-9618,152-2423 Sagittis. Rd.,ridiculus.mus@dapibusligulaAliquam.co.uk
Uta Maldonado,661-6074,Ap #171-8949 Consequat St.,turpis@lobortis.edu
Tarik Contreras,101-8364,560-4655 Donec Rd.,magna.a@nec.co.uk
Vielka Rodriquez,304-2562,Ap #267-7592 Sapien Avenue,arcu.imperdiet.ullamcorper@estcongue.net
Hedda Durham,134-4920,P.O. Box 314 1161 At Ave,nonummy@utlacus.org
Hilel Harding,873-4239,P.O. Box 262 5835 Interdum. Av.,ante@lacuspede.net
Price Cortez,190-2108,739-8679 Pulvinar Street,ligula.Aenean@Phasellusdolor.com
Julie Mosley,1-951-268-5217,711-3282 Elit Ave,Sed.congue@magna.edu
Flavia Norris,1-135-546-3373,P.O. Box 430 4984 Ac Rd.,Duis.volutpat.nunc@interdumSedauctor.edu
Lois Ingram,506-6696,904-5452 Dolor Av.,tincidunt.nibh.Phasellus@risusMorbi.ca
Amber Ramos,252-5528,162-8483 Rhoncus Ave,consectetuer.adipiscing.elit@ornare.co.uk
Walker Herman,1-160-414-5441,Ap #386-8464 A Ave,a.neque@arcuimperdiet.co.uk
Rahim Cantu,998-4718,Ap #859-2081 Cursus. St.,facilisis@a.org
Rinah Walter,1-537-613-4247,P.O. Box 706 3942 Tincidunt Ave,ipsum.Suspendisse@duisemperet.edu
Samson Slater,401-7196,P.O. Box 963 7763 Sed Rd.,turpis.Nulla.aliquet@liberoProin.co.uk
Debra Hancock,965-5880,5269 Magna. Road,augue@tellus.co.uk
Marsden Gibbs,168-7706,102-1131 Eleifend Street,ac.orci@sagittisplaceratCras.org
Lawrence Farmer,770-7792,P.O. Box 775 342 Ultrices St.,turpis.Aliquam.adipiscing@massaQuisqueporttitor.ca
Valentine Velazquez,691-2052,831-6835 Elit Road,lectus.Cum@lobortisClass.org
Ariel Howell,856-4098,389-6166 Eget Street,Morbi.sit@parturient.net
Darryl Brooks,1-797-242-7176,Ap #211-7359 Convallis Ave,Mauris.vestibulum.neque@id.co.uk
Jesse Vincent,1-210-452-0278,7723 Integer Ave,non.nisi.Aenean@Curabitur.ca
Xaviera Mckenzie,535-4358,Ap #143-2763 Facilisis Avenue,ridiculus.mus@vel.ca
Sybill Pacheco,1-993-856-9565,117 Feugiat Street,molestie@elementum.com
Warren Brady,303-9483,9995 Mi St.,in@bibendum.com
Whilemina Lang,1-403-814-6085,P.O. Box 394 4475 Eget Avenue,luctus.Curabitur@ipsumnon.ca
Sophia Cortez,298-3051,870-8657 Arcu. Rd.,parturient.montes@arcuiaculis.co.uk
Demetrius Raymond,1-619-955-3470,Ap #110-928 Duis St.,scelerisque@arcuimperdietullamcorper.ca
Indira Albert,1-815-548-9333,6920 Ultrices St.,non.feugiat@congueelitsed.net
Genevieve Duke,1-187-288-2619,808-7988 Vel Street,Aliquam@ametorci.net
Winifred Blanchard,656-9408,P.O. Box 671 3208 Augue St.,metus@necligula.co.uk
Cynthia Durham,1-589-847-6480,P.O. Box 896 5058 Vel Rd.,risus@Namacnulla.com
Xantha Pena,307-7915,4449 Ut Av.,pellentesque.tellus.sem@nullaIntegervulputate.net
Oren Conway,1-854-500-0261,P.O. Box 655 1191 Sagittis Rd.,malesuada.augue@non.ca
Rhona Burris,107-5229,260-5584 Aliquam Avenue,auctor.non@mauris.net
Declan Merrill,1-348-881-2201,722-3877 Nullam Ave,nec.luctus.felis@morbitristique.co.uk
Nicholas Spears,1-456-476-8157,P.O. Box 690 7623 Donec Avenue,consectetuer.mauris@Proin.co.uk
Amethyst Bolton,595-5264,617-1998 Faucibus Road,Nunc.laoreet.lectus@dictumeueleifend.org
Jerome Cook,1-707-754-2046,Ap #484-9596 Vestibulum Ave,Etiam.laoreet@ornare.edu
Macon Edwards,122-0743,Ap #188-2869 Vulputate St.,Curabitur.vel.lectus@mauris.org
Brent Benson,1-567-186-1362,P.O. Box 860 2517 Ipsum Avenue,porttitor@posuere.edu
Sara Chen,148-7505,8981 Amet Avenue,pellentesque@temporaugueac.ca
Ivan Russo,556-2527,P.O. Box 335 9998 Eget St.,eu@ut.co.uk
Felix Mercer,654-0291,3434 Donec Road,amet.consectetuer@Duisac.edu
Suki Fuller,105-8522,Ap #143-4263 Nullam Road,dapibus.id@ligula.edu
Quincy Moss,1-691-377-8085,9519 Luctus Street,Nunc.mauris.sapien@variusNamporttitor.org
Shafira Ford,1-892-641-4596,8905 Donec St.,arcu.vel@ante.net
Kamal Alston,241-5909,P.O. Box 751 9411 Eleifend Ave,enim.Curabitur@ridiculus.ca
Aiko Hayes,963-2740,475-4126 Gravida St.,quis@viverraDonec.edu
Hermione Valdez,1-901-175-3782,P.O. Box 708 2303 Rhoncus Road,Suspendisse.sagittis.Nullam@elitfermentumrisus.ca
Grace Beck,209-3351,Ap #382-1568 Ad Street,nec@Class.ca
Courtney Kane,1-364-598-7990,5164 Justo St.,facilisis.magna@risusQuisque.com
Clarke Pace,1-568-219-2039,P.O. Box 883 9885 Ipsum Avenue,egestas@nequevitae.net
Angela Nichols,1-435-762-9873,P.O. Box 212 1990 A St.,volutpat@ametornare.net
Evan Atkins,892-5810,549-7097 Ornare. St.,Aliquam.erat@Donec.com
Cadman James,490-5197,P.O. Box 717 1305 Vel Ave,non.massa@Vivamus.org
Jin Bates,1-396-796-5996,Ap #439-7494 Placerat Av.,nulla@loremauctorquis.ca
Ora Keller,1-366-175-0255,118-8381 Malesuada Rd.,bibendum@faucibusutnulla.co.uk
Marcia Mccullough,700-2125,Ap #421-857 Tempus St.,Proin.vel@vitaealiquam.edu
Karleigh Oneill,1-735-734-9475,1907 Eget Rd.,dignissim.pharetra.Nam@porttitortellus.ca
Macon Duncan,1-639-940-8944,808-1479 Risus. St.,lacus.varius@vitae.net
Burke Hopper,1-800-974-2426,P.O. Box 635 4454 Ut St.,Pellentesque@luctusut.com
Brady Bender,1-648-657-5827,P.O. Box 692 8078 Ante Av.,Ut.tincidunt.vehicula@Sedeueros.co.uk
Porter Weber,1-157-724-6194,Ap #311-8072 Eu Ave,Sed@semperegestasurna.co.uk
Chantale Ford,1-941-433-3875,4240 Integer Rd.,egestas.rhoncus@ipsum.com
Justine Jackson,493-9497,Ap #260-6995 Orci. Road,in@consectetuer.edu
Russell Head,544-4172,8304 Congue. Av.,vitae@aliquetlibero.com
Francesca Fleming,1-720-481-8489,8291 Gravida. Rd.,Donec.feugiat.metus@etnunc.com
Dorothy Willis,511-5870,Ap #232-747 Sem. Ave,Pellentesque.habitant.morbi@enim.org
Giselle Reese,1-362-882-9966,P.O. Box 191 5540 Placerat. Avenue,netus.et@convallis.ca
Mannix Mcleod,406-3105,273-2092 Nec Avenue,pede.Cras.vulputate@quamdignissim.ca
Fritz Giles,270-2328,Ap #468-4747 Pede. Avenue,ut@Nuncullamcorpervelit.edu
Ethan Hayden,680-4464,P.O. Box 874 2393 Et Road,turpis@feugiat.org
Jameson Boyer,1-322-950-1571,874-4106 Enim Ave,magna.nec.quam@ullamcorperviverraMaecenas.com
Kaden Sutton,1-857-829-5824,989-4473 Nec Street,lorem@pedeCrasvulputate.com
Ann Acosta,233-2137,Ap #918-1736 Massa. Street,imperdiet.ullamcorper.Duis@magnis.co.uk
Jolie Schwartz,1-148-866-5820,2431 Vulputate Street,Donec@eu.edu
Daria Hampton,1-101-376-0003,Ap #511-8659 Nulla Street,non.ante@et.co.uk
Nomlanga Suarez,1-516-514-1991,2041 Sit Rd.,cursus.purus.Nullam@dictum.co.uk
Jackson Webb,1-939-757-1373,Ap #505-422 Sed Street,Nulla.facilisis@loremlorem.net
Hyacinth Alexander,1-870-444-6963,P.O. Box 397 6780 Elit Avenue,risus.Donec.nibh@eleifendvitae.edu
Ann Tucker,164-8326,977-9065 Cras Ave,neque.venenatis.lacus@Nullam.org
Lydia Schneider,1-863-290-5290,Ap #806-2455 Magna. Av.,Fusce.aliquam.enim@aceleifend.edu
Berk Crawford,1-539-671-0092,Ap #311-9685 Diam. St.,cursus.luctus.ipsum@pedeacurna.com
Jennifer Cummings,1-913-473-5755,Ap #600-7230 Laoreet Road,in.consectetuer.ipsum@congueelit.org
Rigel Mullins,1-639-838-9423,215-7215 Egestas Rd.,rhoncus@dolorelit.com
Kadeem Aguilar,742-5565,Ap #526-8597 Nec Street,arcu.Vestibulum@eleifend.edu
Lacy Dillon,259-8100,8916 Nullam Ave,Sed@scelerisquesedsapien.com
Kennan Hebert,1-795-371-6863,542-4895 Erat St.,eu.enim.Etiam@cursusNuncmauris.co.uk
Jamalia Barber,1-390-916-9405,Ap #694-3278 Condimentum Avenue,vulputate@afelisullamcorper.com
Idola Waters,862-2357,955-8074 Purus Road,neque.et.nunc@lacusQuisque.org
Alma Francis,1-475-410-4002,3259 Faucibus Rd.,ridiculus.mus@nuncIn.co.uk
India Campbell,1-830-869-8260,P.O. Box 967 9252 Egestas Av.,tincidunt.vehicula.risus@nonlacinia.co.uk
Hadley Myers,1-354-184-5929,2229 Enim St.,purus@vulputatevelit.edu
Willa Solomon,1-283-993-9730,P.O. Box 680 5165 Id Street,sit.amet@Class.co.uk
Micah Guthrie,347-9371,7901 Facilisis. Ave,habitant.morbi@aclibero.co.uk
Brady Ryan,865-3675,P.O. Box 213 205 Felis. Avenue,diam.luctus.lobortis@necurna.ca
Adrian Lewis,657-7819,379-8485 Id Street,imperdiet@ut.edu
Anastasia Valencia,804-3740,6372 Risus Rd.,gravida.sagittis@liberoMorbiaccumsan.com
Bell Stephens,1-225-104-6521,7073 Aliquam Road,non@quisaccumsanconvallis.ca
Stewart Webster,1-826-870-7741,9961 Nunc Rd.,arcu@porttitorvulputateposuere.ca
Mufutau Robertson,1-223-735-7195,Ap #662-8846 Phasellus Rd.,odio.auctor.vitae@euismodindolor.org
Yeo Langley,1-505-801-9265,6178 Augue Rd.,amet.consectetuer.adipiscing@magna.net
Orlando Stephenson,191-7572,513-679 Ante Avenue,eleifend.egestas.Sed@nonante.edu
Rebecca Justice,764-6048,Ap #104-6461 Vulputate Road,magna.Suspendisse.tristique@liberoestcongue.co.uk
Nero Morris,377-3234,3468 Tincidunt. Avenue,et@odiosemper.ca
Ray Valentine,1-922-271-6442,P.O. Box 169 1247 Egestas Street,malesuada@nuncrisus.org
Lenore Horton,129-3256,P.O. Box 247 3016 Elementum Road,Proin.vel.arcu@Cras.net
Zane Burgess,1-619-849-5817,Ap #925-9158 Placerat St.,in@nibhAliquamornare.net
Keith Garza,1-432-919-1346,P.O. Box 961 1821 Tincidunt St.,Phasellus.dolor.elit@Inornare.co.uk
Maggy Johnson,1-222-761-8318,4124 Aliquet Road,magna.a@purus.net
Kennedy Mitchell,320-0216,1715 Mi. Ave,Nunc.commodo.auctor@antedictumcursus.ca
Malcolm Smith,426-8497,P.O. Box 202 7736 Erat Rd.,tempor.lorem@blanditmattis.org
Calista Hurley,1-539-968-7180,Ap #912-1345 Arcu. Av.,sem.Pellentesque.ut@dolorquamelementum.ca
Uma Douglas,1-861-329-1033,Ap #784-4555 Lacinia Street,ut@id.edu
India Chen,790-2048,P.O. Box 606 3345 Ut St.,massa@aodiosemper.ca
Raphael Hernandez,544-8541,3769 Quis St.,lacinia.at.iaculis@consectetuermaurisid.ca
Daquan Reynolds,1-494-437-3278,841 Cras Av.,taciti.sociosqu@gravidanunc.edu
Drew Parrish,1-989-877-4841,P.O. Box 155 9614 Lacus. St.,eleifend.Cras.sed@placerataugue.ca
Olivia Hobbs,892-2573,Ap #801-8676 Auctor Av.,nec@felis.com
Simone Ward,1-371-984-0581,Ap #223-6256 Nulla. Av.,Nullam.scelerisque@Integerin.org
Xanthus Jenkins,500-9351,5679 Tellus Av.,parturient.montes@est.edu
Elijah Reilly,1-585-903-1788,Ap #152-5185 Ipsum Road,id@vitaeposuere.edu
Hayley Mendez,1-887-774-0374,Ap #556-1742 Augue Street,eu@ullamcorpermagnaSed.ca
Merritt Mccoy,1-188-679-3972,P.O. Box 590 5771 A Avenue,vitae.sodales@risus.org
Cally Goodman,1-220-254-9871,Ap #840-8904 Dapibus Av.,nostra.per@nectempus.ca
Colby Rose,1-515-418-8534,392-7312 Ligula Rd.,sagittis.Nullam@CuraePhasellus.org
Rachel Ferguson,1-675-393-4894,144-5565 Nunc Road,non.sapien.molestie@dolorFuscemi.net
Ocean Underwood,1-960-445-7840,380-948 Elementum Ave,amet.faucibus.ut@lobortisultricesVivamus.edu
Simon Holder,636-4624,Ap #855-5967 Nec St.,Nulla.tincidunt.neque@Sed.edu
Xyla Boyd,422-5691,P.O. Box 244 7695 Nulla Road,et@magna.ca
Magee Nguyen,1-733-980-9465,P.O. Box 810 3314 Mauris St.,ornare.libero.at@mauris.edu
Moses Holman,398-0823,P.O. Box 608 1717 Risus Avenue,varius.et@posuereenimnisl.edu
Hashim Turner,747-6031,1431 In Street,lobortis@egetipsumDonec.edu
Avram Santiago,1-686-233-0876,983-7004 Ullamcorper St.,eget@vitaemauris.org
Ignatius Pacheco,231-3845,P.O. Box 136 5784 Tincidunt Ave,gravida.nunc.sed@utnullaCras.net
Jonah Olsen,1-671-488-8731,385-9095 Elementum Rd.,auctor.ullamcorper.nisl@sedleoCras.org
Norman Dickerson,638-1997,1013 Pede Rd.,amet@cursus.org
Jesse Cross,1-613-489-3320,P.O. Box 810 6242 Tincidunt St.,est.mauris.rhoncus@nonummyutmolestie.ca
Vivian Sims,314-6370,Ap #202-8027 Nullam Rd.,tellus.lorem@atvelit.edu
Kaseem Allen,909-1525,P.O. Box 236 4013 Arcu. Av.,consectetuer@euismodindolor.net
Gary Berg,970-4376,448-2037 Eget Street,sollicitudin.adipiscing@Duisami.com
Nomlanga Gross,1-827-894-2744,5028 Metus Avenue,interdum@loremauctor.co.uk
Elaine Davenport,1-440-864-6328,172-3484 Proin Av.,ullamcorper@eros.ca
Kirk Cabrera,650-4292,P.O. Box 796 1011 Pede. Avenue,quis@DonecegestasDuis.ca
Ian Summers,1-231-307-6434,1059 Eu Road,purus.accumsan.interdum@vitae.ca
Margaret Chan,458-3105,991-3340 At St.,penatibus.et.magnis@ametluctus.co.uk
Dorothy Potter,1-873-812-1190,6508 Luctus St.,nibh.lacinia.orci@tinciduntneque.org
Martina Wolfe,1-373-924-8495,764-7410 Cum Rd.,pede@purus.edu
Olga Schmidt,1-620-933-4704,Ap #153-2067 Convallis Rd.,augue.ut.lacus@Sed.org
Pearl Wynn,634-4729,3265 Amet Rd.,vehicula.risus.Nulla@metusIn.org
Quinn Oneal,594-5471,Ap #226-6346 Libero Rd.,gravida@eu.com
Dustin Stanley,1-904-397-6678,4270 Fermentum St.,dapibus.id@laciniaat.edu
Cruz Campos,1-459-516-0123,P.O. Box 874 3565 Ipsum Avenue,pharetra@nequevitae.ca
Hammett Poole,1-671-133-0236,182-4206 Odio Avenue,in.consequat@a.edu
Isaiah Flores,321-0305,5106 Ullamcorper St.,egestas.rhoncus.Proin@loremegetmollis.net
Fritz Moreno,1-368-801-7017,7921 Eget Road,fames@Nunclaoreetlectus.com
Alice Holland,1-921-542-3116,689-5308 Quam. Av.,aliquet.magna@justoPraesent.net
Lionel Snyder,1-720-240-4974,P.O. Box 409 3126 Lacus. Avenue,condimentum.eget@odioEtiam.co.uk
Azalia Kerr,1-924-896-0174,4681 Nibh. Rd.,vulputate@maurissapiencursus.edu
Shad Talley,653-3307,6760 Sapien. Road,Aenean.euismod.mauris@nulla.co.uk
Kessie Alexander,892-2386,5427 Sed Rd.,dictum.eu@metus.edu
Mari Hopkins,1-894-145-1323,P.O. Box 585 9684 Magna. Avenue,cursus.et@enim.ca
Hilel Kelly,1-841-493-6884,P.O. Box 206 616 Sit Avenue,ut@est.co.uk
Shay Parsons,896-6382,868-3011 Donec Rd.,Curae.Donec@vitaeodiosagittis.net
Carlos Hebert,1-128-961-2987,4250 Suscipit Street,Duis@adipiscingligulaAenean.net
Tatiana Sampson,1-862-184-8253,P.O. Box 369 802 Facilisi. St.,pede.et.risus@etcommodo.net
Idola Waller,416-1849,1808 Tincidunt Rd.,ut@ultriciessem.com
Denton Snyder,385-9293,P.O. Box 161 3084 Erat Av.,mollis.Phasellus@Quisquetinciduntpede.com
Clio Huffman,559-3770,P.O. Box 989 1003 Elementum Avenue,velit@lorem.ca
Irene Hardy,1-502-721-7095,P.O. Box 801 1251 Neque Av.,Cras@egetodioAliquam.co.uk
Lesley Hall,1-457-392-9537,Ap #820-7515 Curae; Street,sodales@Nulla.edu
Yael Patton,1-314-262-8903,P.O. Box 149 7181 Urna. Street,dictum@consequatdolor.ca
Cole Peterson,362-3178,P.O. Box 991 1006 Quam Ave,velit.Quisque@dictumaugue.org
Aquila King,920-2724,Ap #979-2848 Dolor Avenue,Sed.eget@Aliquamfringilla.ca
Tallulah Atkinson,320-2597,623-6439 Mi Rd.,et@nequeInornare.edu
Ross Manning,1-320-269-3732,P.O. Box 387 9107 Rutrum Street,ornare@Donec.net
Valentine Mcdowell,1-170-618-7160,7574 Risus Av.,consequat.dolor@Innec.org
Brooke Dillon,1-461-123-0888,P.O. Box 750 2529 Proin Rd.,tincidunt.adipiscing@euismod.edu
Martin Guy,1-621-414-4474,Ap #175-8417 Ante Avenue,Aenean@placerat.ca
Zachary Johnson,595-3245,Ap #923-8151 Sit Rd.,mattis.Integer.eu@SeddictumProin.ca
Julie Marks,1-386-261-8312,Ap #536-4000 Aliquet Ave,gravida.Aliquam.tincidunt@ipsumsodales.edu
Jemima Santiago,552-4861,Ap #835-3783 Euismod St.,eget@cursusin.net
Zachary Flowers,1-189-449-5982,278-4371 Arcu. Rd.,sit.amet@Maecenasmi.org
Gavin Kirk,573-3707,P.O. Box 166 7345 Tellus. Street,Nulla.tempor.augue@Nuncuterat.ca
Jamal Stevens,184-4688,3657 Vel Street,metus@id.org
Dennis Woodward,1-372-462-4583,892-4980 Ligula Rd.,quam.Curabitur@ametorciUt.ca
Brenden Vinson,230-2379,Ap #386-5957 Mi. St.,Nullam.vitae@tinciduntadipiscing.com
Gail Hughes,928-8148,P.O. Box 981 2789 Turpis Road,non.quam.Pellentesque@Pellentesque.edu
Flavia Lamb,230-1583,950-7059 Mi. Street,vulputate.lacus@tinciduntcongueturpis.co.uk
Maris James,1-728-359-8451,P.O. Box 397 9587 Vitae Rd.,dui@elementumloremut.net
Keane Pacheco,940-8280,P.O. Box 765 3487 Id Avenue,nisi@Sed.ca
Ocean Brooks,1-860-455-7460,P.O. Box 512 4254 Donec Rd.,arcu.Aliquam.ultrices@Nuncac.edu
Merritt Fleming,1-939-645-0101,P.O. Box 167 3192 Dolor. Avenue,arcu.Curabitur.ut@temporlorem.ca
Fredericka Holt,1-486-372-5461,4048 Arcu Ave,gravida@volutpatornare.co.uk
Kennedy Pierce,826-5656,447-4639 Ante Ave,ante@sem.net
Jael Black,993-1806,Ap #678-8826 Duis Rd.,eu.odio.tristique@erat.ca
Allistair Huffman,1-855-855-2776,Ap #882-1567 Etiam Rd.,dolor.sit.amet@elitsedconsequat.com
Odysseus Avila,1-996-120-7460,P.O. Box 490 2636 Tempus Avenue,dui.Cras.pellentesque@conubianostraper.co.uk
Ashton Baker,298-5835,753-5092 Amet Street,libero.dui@pedeetrisus.edu
Orla Fowler,414-7041,Ap #388-8937 Tortor St.,fermentum.metus.Aenean@elit.ca
Summer Kline,1-499-928-8140,603-6609 Tellus Rd.,non@orci.net
Gregory Hart,1-975-391-4426,4214 Consectetuer St.,Proin.ultrices.Duis@Donec.edu
Nicholas Navarro,354-2715,P.O. Box 247 8249 Tellus Rd.,Quisque.libero.lacus@nisi.edu
Audrey Pierce,981-3733,993-8997 Aliquam Avenue,nisi.Mauris.nulla@loremtristiquealiquet.com
Malachi Craig,129-9686,250-9220 Risus Road,sit.amet.ultricies@Sedcongueelit.ca
Kylie Gregory,1-638-117-0197,Ap #405-1427 Magna. Avenue,sodales.nisi.magna@Aliquamrutrum.co.uk
Kirestin Phelps,572-9871,P.O. Box 456 973 Nisl. Av.,molestie.arcu@sociisnatoquepenatibus.org
Joel Fernandez,378-5995,P.O. Box 843 1686 Faucibus St.,gravida@Nunc.org
Savannah Porter,344-0231,P.O. Box 300 4858 Elementum Av.,Donec@Sed.net
Alec Reilly,1-197-539-4495,Ap #904-9125 Vestibulum St.,sem.elit.pharetra@eratvolutpatNulla.org
Chloe Sanchez,1-962-975-8114,P.O. Box 251 8913 Sociis Ave,Integer@diam.co.uk
Quin Hampton,245-0648,7841 At Ave,cursus@ipsum.com
Ursa Bender,1-825-509-1598,1635 Semper St.,tellus.justo@ut.net
Zephania Brewer,664-4860,P.O. Box 417 8349 Convallis Ave,Nam.nulla@dolorelit.co.uk
Lamar Rojas,1-196-359-7922,Ap #693-7030 In Rd.,hendrerit.neque.In@ridiculusmusAenean.edu
Michelle Hobbs,1-676-342-2069,Ap #936-1957 Cras Ave,erat.vitae@sagittissemperNam.ca
Peter Knapp,734-9495,230-3201 Imperdiet Road,quis.accumsan@adipiscingelitEtiam.org
Cassandra Cash,1-152-379-1828,P.O. Box 514 6725 Pellentesque Ave,fringilla.purus.mauris@justoProin.co.uk
Mona Cunningham,1-829-312-2317,418-6212 Malesuada St.,vulputate.mauris.sagittis@cursus.net
Kamal Morton,1-697-614-2034,1415 Tincidunt Rd.,et@Quisqueporttitor.org
Ryan Salas,1-825-417-0723,P.O. Box 541 4535 Sit Rd.,et@non.net
Eric Gilbert,938-6881,P.O. Box 159 6642 Vel Rd.,dapibus@luctusipsumleo.co.uk
Kendall England,1-279-661-0493,7685 Consectetuer St.,euismod@lectuspede.edu
Aristotle Barton,1-632-995-4517,P.O. Box 307 1048 Curabitur St.,imperdiet@Quisquelibero.net
Sloane Molina,663-4876,P.O. Box 930 4935 Sed St.,ipsum@commodotinciduntnibh.com
Dolan England,1-661-687-6909,Ap #543-4391 Hendrerit. St.,Quisque.porttitor.eros@sagittis.co.uk
Amaya Wallace,1-451-721-8760,9311 Facilisis Rd.,tincidunt@sociis.com
Holly Summers,355-2205,Ap #126-7465 Ornare St.,Pellentesque@nonleo.edu
Rigel Brewer,543-4204,Ap #260-5978 Nibh. Street,orci@nibhsit.com
Denton Wade,1-860-365-9318,4598 Eu Av.,tempus.mauris@consectetueradipiscing.ca
Ainsley Sellers,792-8234,Ap #259-4858 Vulputate Avenue,sem@quisurna.edu
Kaseem Adams,1-341-220-1846,P.O. Box 628 4341 Nam Ave,pharetra.ut.pharetra@mollisnon.ca
Kibo Joyner,276-2880,Ap #949-4613 Venenatis Avenue,pede.nonummy@musDonec.net
Cassidy Cherry,1-684-798-1604,8164 Donec Rd.,vitae.posuere@turpisIncondimentum.edu
Guinevere Ross,829-3632,Ap #465-3906 Id Street,enim.condimentum@posuereat.edu
Buckminster Lyons,1-358-118-3150,P.O. Box 858 8171 Neque Ave,vehicula.risus.Nulla@atrisus.com
Samuel Meadows,646-0731,2614 Eleifend St.,eu.arcu.Morbi@Aliquam.com
Amery Valencia,867-5553,300-6976 Ac Street,lobortis@mauris.org
Ria Franco,507-8016,8671 Vestibulum St.,rutrum@natoquepenatibus.net
Josiah Morales,423-2290,P.O. Box 142 7693 Quis Rd.,tincidunt.nunc.ac@sitametrisus.co.uk
Plato Carter,1-853-801-7820,P.O. Box 970 4379 Parturient St.,ut@Proinnislsem.ca
Nigel Weiss,1-736-622-8295,P.O. Box 160 3862 Lobortis Av.,ligula.Aliquam@pharetraNam.edu
Cecilia Warner,1-304-680-7161,Ap #722-4750 Tempus Rd.,consequat@consectetuermauris.ca
Jason Forbes,407-3701,950-9556 Nonummy. Av.,Aenean.sed.pede@tinciduntaliquam.org
Amaya Riddle,651-5555,2151 Porttitor St.,nec.ligula@Phasellus.org
Jaden Hubbard,1-596-118-9236,P.O. Box 667 3393 Nec Street,viverra.Maecenas@dictum.edu
Gareth Oliver,550-5107,P.O. Box 753 8858 Scelerisque Street,egestas.urna.justo@duiFusce.org
Keiko Miranda,1-988-626-5425,5543 Lorem St.,sapien.Aenean@Nam.ca
Cooper Fletcher,155-5265,3216 Pellentesque. St.,rutrum@sit.org
Chadwick Dickson,1-816-870-0007,851-337 Phasellus Ave,id.enim@idsapienCras.com
Abra Bradley,1-239-823-4846,P.O. Box 925 7664 Dolor St.,tellus.sem@habitant.edu
Ria Kemp,898-9879,Ap #122-8295 Orci Road,in.cursus@seddictumeleifend.co.uk
Matthew Campbell,1-348-839-2600,P.O. Box 100 8987 Sapien. Av.,Nunc@InloremDonec.net
Aidan Petersen,1-340-485-9926,P.O. Box 647 3494 Turpis Rd.,Phasellus.at.augue@gravida.co.uk
Hamish Hansen,567-5401,P.O. Box 567 9155 Adipiscing St.,quam@dolorvitaedolor.edu
Dillon Jackson,1-565-591-2237,Ap #597-5835 Metus St.,erat@Vivamussit.ca
Caldwell Gaines,1-668-541-7949,7397 Mauris Avenue,penatibus.et.magnis@laoreetliberoet.ca
Kylan Sharpe,937-1001,1859 Elementum Street,a.scelerisque.sed@Namtempordiam.org
Iona Sanchez,353-4220,7312 Vitae Rd.,orci.Phasellus@augueSedmolestie.net
Elvis Reynolds,1-593-225-6531,971-303 Nibh Road,leo@orcitincidunt.org
Baxter Gallegos,1-472-805-0462,1059 Aenean St.,dolor.Donec@doloregestasrhoncus.edu
Germane Juarez,587-6626,Ap #886-3995 Imperdiet Street,condimentum@dictumeuplacerat.net
Karina Webb,849-0265,322-7743 Suspendisse Rd.,massa@rhoncusDonecest.ca
Amethyst Booker,1-955-525-7631,784-2531 Consequat Street,arcu@nulla.com
Hiroko Cole,484-6991,104-1661 Arcu. Rd.,pede@metusVivamus.edu
Ivy Calhoun,821-6204,Ap #186-840 Vitae Avenue,Nullam.velit@dui.com
Gareth Mccray,856-1576,P.O. Box 566 2590 Donec Road,eu.tellus@Sed.co.uk
Shana Roth,1-812-549-3107,P.O. Box 182 433 Rutrum. Rd.,nonummy@egestas.edu
Lara Kaufman,1-206-466-7249,P.O. Box 198 4463 Eleifend. Av.,dictum.sapien.Aenean@risusDonecegestas.co.uk
Adele Bryan,744-3310,Ap #126-1851 Facilisis Av.,in@scelerisquemollisPhasellus.org
Madeline Lindsey,793-1837,Ap #168-7675 Ornare Avenue,arcu.Sed@euismodacfermentum.co.uk
Martena Ramirez,771-1138,P.O. Box 723 2248 Cubilia Avenue,pede@urnaVivamus.co.uk
Haley Emerson,210-6483,4489 Nisi. Road,nibh@rutrum.co.uk
Germaine Burris,1-552-608-8189,2994 Lectus Road,aliquet@Utnec.edu
Nelle Lott,1-474-253-0774,8238 Varius. Ave,aliquet.lobortis@velitPellentesqueultricies.com
Brenden Blackwell,416-5380,7778 At Rd.,ut.nulla.Cras@semper.net
Merritt Hines,419-6425,341-9220 Nisi Road,tellus.id@temporest.net
Hall Nolan,653-7312,P.O. Box 598 4338 Nonummy St.,amet.risus@malesuadafamesac.org
Grady Rodgers,1-444-217-8529,P.O. Box 760 5429 Vulputate Rd.,massa.Mauris.vestibulum@mollis.org
Kyle Deleon,1-179-362-5135,P.O. Box 990 2302 Tellus. Avenue,non.leo@in.org
Phyllis Burt,1-734-841-5411,656-3601 Justo. Avenue,porttitor.tellus.non@lacus.net
Jameson Ferrell,645-2101,120-9788 Arcu Rd.,tincidunt@Donec.com
Jonah Mcfadden,1-221-372-5452,4549 Euismod Rd.,sit@acfacilisis.net
Jada Robbins,1-898-638-6190,5747 Ac Avenue,nec.tellus.Nunc@volutpatNulla.org
Scott Faulkner,384-7021,569 Scelerisque Ave,a@pharetrafeliseget.net
Victor Randolph,693-1675,716-3143 Massa Road,ullamcorper@erat.edu
Montana Tanner,644-9351,354-6499 Volutpat. Avenue,Donec@nisiAenean.com
Brady Chapman,357-4260,P.O. Box 754 6958 Ullamcorper. Rd.,Donec@aliquetPhasellus.ca
Oliver Cabrera,1-952-280-8166,Ap #203-4924 Pellentesque St.,quis.turpis.vitae@ligula.edu
Alec Craig,1-903-279-1293,113-147 Nisi Ave,urna.justo@quama.org
Latifah Poole,1-312-531-8311,568-9068 Euismod St.,eget@aptenttaciti.co.uk
Baxter Washington,204-5271,645-6687 Quam. Rd.,ultrices.mauris.ipsum@Nullam.co.uk
Clio Nolan,1-134-285-1272,445-6315 At Rd.,odio.vel@vulputate.org
Cheyenne Ball,1-766-793-6718,P.O. Box 665 651 Vitae Av.,cursus.purus.Nullam@litoratorquentper.ca
Hector Gentry,577-8701,P.O. Box 316 6503 Lorem. Rd.,ornare.tortor.at@luctuset.org
Ashton Roth,136-6298,P.O. Box 468 4401 Molestie Road,amet@porttitoreros.co.uk
Abdul Ware,762-2452,5069 Mi Av.,lobortis@utmiDuis.edu
Brody Sosa,258-6383,8635 Sapien. Rd.,ultrices@lectus.co.uk
Ciara Owen,1-393-266-1763,2408 Libero. Road,egestas@ipsumPhasellus.net
Brenda Reid,1-138-197-4508,7703 Mauris St.,venenatis.lacus.Etiam@cursusnon.org
Zena Bush,1-610-661-3836,P.O. Box 388 9779 Vitae St.,Vivamus.molestie@mollisvitae.com
Scarlet Payne,918-4106,Ap #520-277 Dignissim Avenue,scelerisque@luctuslobortis.org
Todd Burgess,214-2823,489-5453 Mauris Rd.,Morbi.quis.urna@ornareplaceratorci.org
Jeremy Combs,758-7330,896-6228 Dui. Av.,a@ideratEtiam.net
